"","X","id","recclass","mass","fell_or_found","year","latitude","longitude","group","chondrite","type","lvl3","lvl4","lc_sample","weights"
"503",4558,12465,"L4",7000,"Fell",1925,47.75,16.23333,"L","Chondrite","Stony","Ordinary","L",2,0.463225690897741
"985",6750,24143,"H6",40,"Fell",1668,45.41667,11.13333,"H","Chondrite","Stony","Ordinary","H",1,0.297273742080897
"1004",6801,24189,"H6",594,"Fell",1915,25.45,70,"H","Chondrite","Stony","Ordinary","H",14,0.498018659921233
"919",6444,23760,"H6",7235,"Fell",1865,26.71667,84.21667,"H","Chondrite","Stony","Ordinary","H",1,0.297273742080897
"470",4443,12342,"L6",11510,"Fell",1986,34.3,133.95,"L","Chondrite","Stony","Ordinary","L",11,0.00485781484723708
"823",5821,22792,"H5",1250,"Fell",1855,27.43333,82.08333,"H","Chondrite","Stony","Ordinary","H",1,0.297273742080897
"838",5849,23102,"LL6",271000,"Fell",1966,45.3,0.23333,"LL","Chondrite","Stony","Ordinary","LL",2,0.463225690897741
"903",6383,23671,"Iron, ungrouped",2050,"Fell",1945,1.7,33.63333,"Iron","Achondrite","Iron",NA,NA,17,3.8504410331384
"1031",6954,30366,"H4/5",31650,"Fell",1837,37.75,139,"H","Chondrite","Stony","Ordinary","H",11,0.00485781484723708
"183",943,5339,"H4",6000,"Fell",1964,53.7,30.1,"H","Chondrite","Stony","Ordinary","H",10,0.461815233876118
"299",3474,10849,"EH3/4-an",28,"Fell",1952,7.05,12.43333,"EH","Chondrite","Stony","Enstatite","EH-EL",2,0.463225690897741
"466",4424,12326,"L6",202.6,"Fell",1998,43.38333,-80.38333,"L","Chondrite","Stony","Ordinary","L",11,0.00485781484723708
"908",6410,23726,"Stone-uncl",367,"Fell",1647,52.53333,9.05,"Stony",NA,"Stony",NA,NA,11,0.00485781484723708
"995",6781,24168,"H6",1500,"Fell",1865,43.5,-91.16667,"H","Chondrite","Stony","Ordinary","H",2,0.463225690897741
"456",4401,12301,"L6",737.6,"Fell",1962,54.4,10.15,"L","Chondrite","Stony","Ordinary","L",1,0.297273742080897
"324",3547,10956,"L6",9000,"Fell",1964,42.9,2.25,"L","Chondrite","Stony","Ordinary","L",11,0.00485781484723708
"1092",8130,48915,"Ureilite-an",3950,"Fell",2008,20.74575,32.41275,"Ureilite","Achondrite","Stony","Primitive or asteroidal",NA,11,0.00485781484723708
"510",4580,12756,"L6",460,"Fell",1912,-25.66667,28.36667,"L","Chondrite","Stony","Ordinary","L",1,0.297273742080897
"948",6644,24024,"H4/5",27.5,"Fell",1984,38.36667,140.86556,"H","Chondrite","Stony","Ordinary","H",10,0.461815233876118
"288",3399,10123,"L6",6067,"Fell",1924,36.78333,-78.08333,"L","Chondrite","Stony","Ordinary","L",11,0.00485781484723708
"347",3627,11472,"H3-6",9000,"Fell",1934,50.31667,3.73333,"H","Chondrite","Stony","Ordinary","H",1,0.297273742080897
"971",6709,24101,"Iron, IAB-ung",103000,"Fell",1927,7.95,8.08333,"Iron IAB","Achondrite","Iron","Non-magmatic","Primative",16,1.82339952891488
"628",4946,16841,"L5",4400,"Fell",1865,12.63333,77.01667,"L","Chondrite","Stony","Ordinary","L",1,0.297273742080897
"605",4858,16711,"L6",35000,"Fell",1905,38.5,-101.1,"L","Chondrite","Stony","Ordinary","L",2,0.463225690897741
"733",5413,18173,"H5",2968,"Fell",1966,43.46667,25.51667,"H","Chondrite","Stony","Ordinary","H",1,0.297273742080897
"223",2229,6698,"H3.8",45000,"Fell",1976,22.37778,71.42722,"H","Chondrite","Stony","Ordinary","H",15,0.406210536590808
"732",5411,18171,"Mesosiderite-A1",37350,"Fell",1935,23.15,91.18333,"Mesosiderite","Achondrite","Stony-Iron","Mesosiderite",NA,1,0.297273742080897
"251",3238,7757,"Ureilite",300,"Fell",1872,26.25,82,"Ureilite","Achondrite","Stony","Primitive or asteroidal",NA,1,0.297273742080897
"502",4557,12464,"L6",1282,"Fell",1986,46.24167,126.19611,"L","Chondrite","Stony","Ordinary","L",1,0.297273742080897
"920",6456,23773,"H4",5560,"Fell",1954,33.18836,-86.2945,"H","Chondrite","Stony","Ordinary","H",12,0.49799067553469
"519",4613,14655,"L6",1862,"Fell",1854,52.75,12.9,"L","Chondrite","Stony","Ordinary","L",11,0.00485781484723708
"449",4393,12291,"L6",1500,"Fell",1787,50.625,35.075,"L","Chondrite","Stony","Ordinary","L",10,0.461815233876118
"393",4198,12063,"CI1",704.5,"Fell",1938,-8.41667,32.43333,"CI","Chondrite","Stony","Carbonaceous","CI",16,1.82339952891488
"998",6792,24179,"L6",3500,"Fell",2004,42.8,-4.66667,"L","Chondrite","Stony","Ordinary","L",11,0.00485781484723708
"660",5067,16968,"Iron, ungrouped",37500,"Fell",1900,13.85,-4.38333,"Iron","Achondrite","Iron",NA,NA,2,0.463225690897741
"363",4031,11883,"H5",750,"Fell",1897,33.6,130.43333,"H","Chondrite","Stony","Ordinary","H",0,71.3451083182367
"846",5884,23161,"L4",400,"Fell",1873,-29.2,-51.86667,"L","Chondrite","Stony","Ordinary","L",12,0.49799067553469
"371",4051,11904,"L5",2420,"Fell",1825,21.3,-157.86667,"L","Chondrite","Stony","Ordinary","L",0,71.3451083182367
"883",6302,23586,"LL5",3700,"Fell",1794,43.11667,11.6,"LL","Chondrite","Stony","Ordinary","LL",11,0.00485781484723708
"923",6465,23782,"C2-ung",10000,"Fell",2000,59.70444,-134.20139,"Chondrite","Chondrite","Stony","Carbonaceous",NA,11,0.00485781484723708
"430",4353,12246,"H5",400,"Fell",1897,32.08333,76.3,"H","Chondrite","Stony","Ordinary","H",11,0.00485781484723708
"1012",6871,24251,"L6",2756,"Fell",1982,41.71056,-72.67361,"L","Chondrite","Stony","Ordinary","L",10,0.461815233876118
"955",6660,24042,"LL6",1250,"Fell",1988,52.21667,13.16667,"LL","Chondrite","Stony","Ordinary","LL",1,0.297273742080897
"965",6695,24086,"LL5",30000,"Fell",1975,21.66667,-103.36667,"LL","Chondrite","Stony","Ordinary","LL",15,0.406210536590808
"47",510,2329,"H6",5070,"Fell",1932,38.5,-94.3,"H","Chondrite","Stony","Ordinary","H",1,0.297273742080897
"943",6632,24011,"H6",20000,"Fell",1869,-7.08333,111.53333,"H","Chondrite","Stony","Ordinary","H",2,0.463225690897741
"708",5354,18052,"H4",20000,"Fell",1998,37.60833,-8.28,"H","Chondrite","Stony","Ordinary","H",11,0.00485781484723708
"12",414,424,"L6",24000,"Fell",1925,19.08333,8.38333,"L","Chondrite","Stony","Ordinary","L",14,0.498018659921233
"947",6643,24023,"L",600,"Fell",1916,34.5,133.75,"L","Chondrite","Stony","Ordinary","L",11,0.00485781484723708
"16",422,432,"H",3000,"Fell",1959,8.91667,8.43333,"H","Chondrite","Stony","Ordinary","H",16,1.82339952891488
"978",6728,24121,"L4",113.4,"Fell",1986,66.13889,124.76667,"L","Chondrite","Stony","Ordinary","L",8,9.36101905684755
"949",6646,24026,"CI1",7.7,"Fell",1911,24.65,76.86667,"CI","Chondrite","Stony","Carbonaceous","CI",15,0.406210536590808
"643",5006,16904,"H6",7500,"Fell",1825,38.41667,-77.16667,"H","Chondrite","Stony","Ordinary","H",11,0.00485781484723708
"556",4732,15405,"LL6",22300,"Fell",1934,-17.65,31.6,"LL","Chondrite","Stony","Ordinary","LL",15,0.406210536590808
"156",869,5253,"H6",1400,"Fell",1973,38.47028,-105.24139,"H","Chondrite","Stony","Ordinary","H",13,0.428663281861922
"1102",8521,51706,"L5-6",6913,"Fell",2008,45.275,26.70972,"L","Chondrite","Stony","Ordinary","L",11,0.00485781484723708
"757",5469,18831,"Eucrite-mmict",42000,"Fell",1996,26.03472,73.94167,"Eucrite","Achondrite","Stony","Asteroidal","H-E-D Vesta",11,0.00485781484723708
"281",3373,10086,"H5",82,"Fell",1924,34.6,116.75,"H","Chondrite","Stony","Ordinary","H",1,0.297273742080897
"421",4338,12230,"K3",350,"Fell",1890,12.38333,78.51667,"Kakangari","Chondrite","Stony","Other","Kakangari grouplet",1,0.297273742080897
"666",5077,16982,"H3-4",467,"Fell",1897,34.2,131.56667,"H","Chondrite","Stony","Ordinary","H",11,0.00485781484723708
"490",4489,12392,"L6",2800,"Fell",1879,47.08333,1.75,"L","Chondrite","Stony","Ordinary","L",11,0.00485781484723708
"871",6225,23508,"LL4",180,"Fell",1862,37.41667,-6,"LL","Chondrite","Stony","Ordinary","LL",1,0.297273742080897
"250",3236,7755,"H4-6",3230,"Fell",1970,-27.2,31.31667,"H","Chondrite","Stony","Ordinary","H",2,0.463225690897741
"567",4761,15438,"L6",1000,"Fell",1836,45.36667,1.86667,"L","Chondrite","Stony","Ordinary","L",11,0.00485781484723708
"538",4704,14764,"L5",540,"Fell",1937,19,97,"L","Chondrite","Stony","Ordinary","L",16,1.82339952891488
"222",2227,6696,"L6",1140,"Fell",1994,24.225,76.525,"L","Chondrite","Stony","Ordinary","L",11,0.00485781484723708
"731",5410,18118,"Iron",12,"Fell",1922,38.13333,14.96667,"Iron","Achondrite","Iron",NA,NA,0,71.3451083182367
"328",3580,11208,"L6",8000,"Fell",1881,46.35,30.58333,"L","Chondrite","Stony","Ordinary","L",0,71.3451083182367
"147",806,5183,"H6",29000,"Fell",1861,27.08333,84.08333,"H","Chondrite","Stony","Ordinary","H",16,1.82339952891488
"663",5072,16977,"L4",6000,"Fell",1954,56.11667,37.33333,"L","Chondrite","Stony","Ordinary","L",1,0.297273742080897
"844",5872,23128,"H6",56,"Fell",1973,33.48472,-117.6625,"H","Chondrite","Stony","Ordinary","H",0,71.3451083182367
"794",5574,22392,"L6",3224.5,"Fell",1937,25.38333,72.01667,"L","Chondrite","Stony","Ordinary","L",13,0.428663281861922
"759",5472,18834,"L6",842,"Fell",1882,25.8,88.45,"L","Chondrite","Stony","Ordinary","L",1,0.297273742080897
"334",3592,11437,"L6",1900,"Fell",1980,37.1,118.4,"L","Chondrite","Stony","Ordinary","L",1,0.297273742080897
"879",6251,23534,"L6",3679.7,"Fell",1921,25.85,87.5775,"L","Chondrite","Stony","Ordinary","L",1,0.297273742080897
"849",5894,23171,"H4",927,"Fell",1962,-20.81,-49.38056,"H","Chondrite","Stony","Ordinary","H",1,0.297273742080897
"1050",6995,30411,"Howardite",246,"Fell",1858,51.83333,26.83333,"Howardite","Achondrite","Stony","Asteroidal","H-E-D Vesta",10,0.461815233876118
"1055",7029,30448,"CV3",5300,"Fell",2001,39.77978,64.60035,"CV","Chondrite","Stony","Carbonaceous","CV-CK",11,0.00485781484723708
"448",4391,12289,"LL5",3698,"Fell",1932,25.55,83.11667,"LL","Chondrite","Stony","Ordinary","LL",1,0.297273742080897
"694",5313,18002,"LL6",12000,"Fell",1834,50.83333,25.5,"LL","Chondrite","Stony","Ordinary","LL",10,0.461815233876118
"170",922,5315,"LL3.4",8200,"Fell",1907,25.85,83.48333,"LL","Chondrite","Stony","Ordinary","LL",1,0.297273742080897
"387",4178,12039,"L5",4576,"Fell",1977,53.415,-111.3375,"L","Chondrite","Stony","Ordinary","L",1,0.297273742080897
"742",5432,18792,"Eucrite-mmict",165,"Fell",1899,-10.66667,35.5,"Eucrite","Achondrite","Stony","Asteroidal","H-E-D Vesta",16,1.82339952891488
"336",3595,11440,"Stone-uncl",1915,"Fell",1891,43.76667,20.23333,"Stony",NA,"Stony",NA,NA,10,0.461815233876118
"422",4339,12231,"L6",577,"Fell",1858,45.13333,21.66667,"L","Chondrite","Stony","Ordinary","L",10,0.461815233876118
"723",5397,18102,"LL5",2000,"Fell",1967,-6.23333,-40.7,"LL","Chondrite","Stony","Ordinary","LL",16,1.82339952891488
"900",6379,23667,"H5",17100,"Fell",1866,35.16667,135.33333,"H","Chondrite","Stony","Ordinary","H",11,0.00485781484723708
"714",5370,18072,"H6",515,"Fell",1910,17.74333,120.45583,"H","Chondrite","Stony","Ordinary","H",0,71.3451083182367
"818",5804,22773,"Iron, IIIAB",3500,"Fell",1876,52.76667,-2.51667,"Iron IIIAB","Achondrite","Iron","Magmatic","Siderite",2,0.463225690897741
"780",5535,18908,"EH3",2600,"Fell",1976,26.53333,106.46667,"EH","Chondrite","Stony","Enstatite","EH-EL",2,0.463225690897741
"895",6339,23626,"H5",1708,"Fell",1868,45.68333,15.6,"H","Chondrite","Stony","Ordinary","H",11,0.00485781484723708
"805",5639,22592,"CI1",1,"Fell",1965,51.33333,-118.95,"CI","Chondrite","Stony","Carbonaceous","CI",8,9.36101905684755
"1060",7213,31315,"L6",237,"Fell",2002,43.66667,13,"L","Chondrite","Stony","Ordinary","L",11,0.00485781484723708
"283",3378,10091,"H3-5",10200,"Fell",1996,43.18111,13.75333,"H","Chondrite","Stony","Ordinary","H",11,0.00485781484723708
"942",6630,24009,"H6",230,"Fell",1934,13.63333,79.41667,"H","Chondrite","Stony","Ordinary","H",1,0.297273742080897
"988",6753,24145,"L6",1004,"Fell",1903,44.86667,9.15,"L","Chondrite","Stony","Ordinary","L",1,0.297273742080897
"705",5347,18045,"H",6510,"Fell",1867,38.4,140.35,"H","Chondrite","Stony","Ordinary","H",10,0.461815233876118
"272",3341,10051,"L6",1500,"Fell",1837,46.25,-1.1,"L","Chondrite","Stony","Ordinary","L",2,0.463225690897741
"82",613,4954,"L5",44000,"Fell",1965,52.56528,-1.33972,"L","Chondrite","Stony","Ordinary","L",1,0.297273742080897
"648",5015,16914,"Stone-uncl",367,"Fell",920,42.51667,12.51667,"Stony",NA,"Stony",NA,NA,11,0.00485781484723708
"394",4200,12065,"L6",48000,"Fell",1903,-32.5,21.9,"L","Chondrite","Stony","Ordinary","L",14,0.498018659921233
"709",5356,18055,"L6",121.5,"Fell",1900,-18,16,"L","Chondrite","Stony","Ordinary","L",15,0.406210536590808
"471",4444,12343,"Iron",238,"Fell",1926,35.73333,139.75,"Iron","Achondrite","Iron",NA,NA,1,0.297273742080897
"670",5083,16988,"L6",472,"Fell",860,33.725,130.75,"L","Chondrite","Stony","Ordinary","L",11,0.00485781484723708
"210",1108,5513,"EL6",1064,"Fell",1868,-28.2,24.56667,"EL","Chondrite","Stony","Enstatite","EH-EL",2,0.463225690897741
"481",4472,12373,"H6",3719,"Fell",1906,41.11667,45,"H","Chondrite","Stony","Ordinary","H",1,0.297273742080897
"711",5362,18062,"OC",367,"Fell",1775,51.33333,28.83333,"Chondrite","Chondrite","Stony",NA,NA,10,0.461815233876118
"458",4405,12305,"Stone-uncl",331,"Fell",1906,36.85,138.38333,"Stony",NA,"Stony",NA,NA,10,0.461815233876118
"177",935,5329,"H6",27000,"Fell",1810,47.93333,1.56667,"H","Chondrite","Stony","Ordinary","H",2,0.463225690897741
"228",3183,7652,"H6",166000,"Fell",1884,-7.5,111.5,"H","Chondrite","Stony","Ordinary","H",1,0.297273742080897
"130",740,5112,"CM2",1342,"Fell",1930,54.23333,52.48333,"CM","Chondrite","Stony","Carbonaceous","CM-CO",1,0.297273742080897
"651",5032,16934,"L6",420,"Fell",1995,36.44917,136.46528,"L","Chondrite","Stony","Ordinary","L",11,0.00485781484723708
"1006",6820,24210,"L6",28100,"Fell",1946,34.33333,-98.3,"L","Chondrite","Stony","Ordinary","L",1,0.297273742080897
"1076",7959,47350,"H3-5",3396,"Fell",2007,37.35172,27.32997,"H","Chondrite","Stony","Ordinary","H",11,0.00485781484723708
"114",686,5056,"H4",560,"Fell",1923,13.76667,5.3,"H","Chondrite","Stony","Ordinary","H",2,0.463225690897741
"1",1,1,"L5",21,"Fell",1880,50.775,6.08333,"L","Chondrite","Stony","Ordinary","L",11,0.00485781484723708
"1033",6959,30372,"Stone-uncl",0.1,"Fell",1928,34.16667,131.45,"Stony",NA,"Stony",NA,NA,11,0.00485781484723708
"800",5632,22585,"Iron, IVA",10000,"Fell",1919,-6.73333,111.36667,"Iron IVA","Achondrite","Iron","Magmatic","Siderite",0,71.3451083182367
"457",4403,12303,"H5",1500,"Fell",1970,16.58333,-11.33333,"H","Chondrite","Stony","Ordinary","H",2,0.463225690897741
"125",722,5093,"L6",56,"Fell",1804,23,-102,"L","Chondrite","Stony","Ordinary","L",15,0.406210536590808
"633",4988,16885,"Iron, IAB-sHL",1245,"Fell",1964,26.13333,85.53333,"Iron IAB","Achondrite","Iron","Non-magmatic","Primative",1,0.297273742080897
"269",3334,10043,"Howardite",107.2,"Fell",1911,40.3,44.5,"Howardite","Achondrite","Stony","Asteroidal","H-E-D Vesta",2,0.463225690897741
"318",3518,10924,"H5-6",1303,"Fell",1939,-7.25,107.7,"H","Chondrite","Stony","Ordinary","H",1,0.297273742080897
"395",4202,12067,"EL6",973,"Fell",1926,26.75,68.41667,"EL","Chondrite","Stony","Enstatite","EH-EL",1,0.297273742080897
"100",661,5028,"Eucrite-mmict",18000,"Fell",1924,11.65,-3.65,"Eucrite","Achondrite","Stony","Asteroidal","H-E-D Vesta",16,1.82339952891488
"442",4379,12275,"L4",6937,"Fell",1939,29.45,-96,"L","Chondrite","Stony","Ordinary","L",1,0.297273742080897
"910",6413,23728,"L6",50,"Fell",1974,41.2,-73.13333,"L","Chondrite","Stony","Ordinary","L",2,0.463225690897741
"1058",7196,31282,"H3-5",17000,"Fell",2003,24.3,-13.1,"H","Chondrite","Stony","Ordinary","H",11,0.00485781484723708
"1040",6974,30388,"H5",463,"Fell",1963,47.5,83,"H","Chondrite","Stony","Ordinary","H",2,0.463225690897741
"916",6423,23738,"L6",260000,"Fell",1986,31.61667,113.46667,"L","Chondrite","Stony","Ordinary","L",2,0.463225690897741
"576",4787,15469,"H5",22,"Fell",1861,29.01667,77.8,"H","Chondrite","Stony","Ordinary","H",1,0.297273742080897
"719",5379,18082,"H5",682,"Fell",1949,21.3,-157.78333,"H","Chondrite","Stony","Ordinary","H",0,71.3451083182367
"15",417,427,"H4",1800,"Fell",1838,29.71667,77.95,"H","Chondrite","Stony","Ordinary","H",1,0.297273742080897
"276",3362,10075,"H4",56000,"Fell",1934,35.55,-77.53333,"H","Chondrite","Stony","Ordinary","H",1,0.297273742080897
"690",5307,17996,"L5",7700,"Fell",1963,6.75,8.5,"L","Chondrite","Stony","Ordinary","L",17,3.8504410331384
"128",738,5110,"LL6",1676,"Fell",1808,44.86667,10.05,"LL","Chondrite","Stony","Ordinary","LL",2,0.463225690897741
"749",5444,18804,"Stone-uncl",367,"Fell",1779,53.53333,-7.33333,"Stony",NA,"Stony",NA,NA,2,0.463225690897741
"559",4744,15419,"Iron",340,"Fell",1898,42.71667,-99.38333,"Iron","Achondrite","Iron",NA,NA,11,0.00485781484723708
"1111",9000,54493,"L6",14200,"Fell",2011,-1.00278,37.15028,"L","Chondrite","Stony","Ordinary","L",11,0.00485781484723708
"402",4219,12087,"Iron, IIIAB",6e+05,"Fell",1890,30.80833,109.5,"Iron IIIAB","Achondrite","Iron","Magmatic","Siderite",2,0.463225690897741
"894",6335,23621,"L6",850,"Fell",1848,59.73333,10.86667,"L","Chondrite","Stony","Ordinary","L",1,0.297273742080897
"614",4874,16729,"L6",500,"Fell",1838,47.63333,1.58333,"L","Chondrite","Stony","Ordinary","L",2,0.463225690897741
"473",4453,12353,"LL5",16500,"Fell",1869,49.32694,7.46472,"LL","Chondrite","Stony","Ordinary","LL",11,0.00485781484723708
"53",543,4883,"L4",1280,"Fell",1920,25.25417,80.625,"L","Chondrite","Stony","Ordinary","L",1,0.297273742080897
"852",5910,23188,"L6",4000,"Fell",1868,43.15,-0.85,"L","Chondrite","Stony","Ordinary","L",11,0.00485781484723708
"523",4628,14670,"H4",5213,"Fell",1820,56,26.43333,"H","Chondrite","Stony","Ordinary","H",10,0.461815233876118
"205",1074,5477,"L5",4255,"Fell",1902,54.61667,-6.21667,"L","Chondrite","Stony","Ordinary","L",0,71.3451083182367
"918",6429,23745,"H5",637,"Fell",1935,44.86667,133.16667,"H","Chondrite","Stony","Ordinary","H",9,2.84735119047619
"599",4848,16697,"LL6",5500,"Fell",1952,32.33333,120.66667,"LL","Chondrite","Stony","Ordinary","LL",1,0.297273742080897
"308",3487,10860,"Iron, IIE",380,"Fell",1917,27.88333,68.53333,"Iron IIE","Achondrite","Iron","Magmatic","Siderite",2,0.463225690897741
"640",5001,16899,"L6",23200,"Fell",1923,13.73333,100.08333,"L","Chondrite","Stony","Ordinary","L",16,1.82339952891488
"935",6596,23908,"H6",342,"Fell",1950,33.4,70.6,"H","Chondrite","Stony","Ordinary","H",15,0.406210536590808
"927",6480,23801,"L5",905,"Fell",1918,35.43333,136.23333,"L","Chondrite","Stony","Ordinary","L",1,0.297273742080897
"1047",6989,30404,"L4",42000,"Fell",1984,45.81667,125.91667,"L","Chondrite","Stony","Ordinary","L",2,0.463225690897741
"229",3187,7656,"H",3950,"Fell",1961,12.73333,15.05,"H","Chondrite","Stony","Ordinary","H",2,0.463225690897741
"814",5672,22640,"Stone-uncl",1641,"Fell",1895,-23.38333,150.51667,"Stony",NA,"Stony",NA,NA,1,0.297273742080897
"966",6703,24094,"H4",19860,"Fell",1884,60,5.61667,"H","Chondrite","Stony","Ordinary","H",10,0.461815233876118
"1042",6977,30391,"H5",14250,"Fell",1984,32.3,112.75,"H","Chondrite","Stony","Ordinary","H",2,0.463225690897741
"492",4492,12395,"H5",2000,"Fell",1924,-37.33333,-61.53333,"H","Chondrite","Stony","Ordinary","H",1,0.297273742080897
"507",4572,12748,"H5",3000,"Fell",1845,47.16667,0.43333,"H","Chondrite","Stony","Ordinary","H",1,0.297273742080897
"659",5066,16966,"LL3.6",1393,"Fell",1883,-7.45,111.41667,"LL","Chondrite","Stony","Ordinary","LL",1,0.297273742080897
"1009",6864,24244,"H5",3750,"Fell",1831,48.95,17.38333,"H","Chondrite","Stony","Ordinary","H",1,0.297273742080897
"1086",7972,47357,"L5/6",1600,"Fell",2004,20.33916,73.22329,"L","Chondrite","Stony","Ordinary","L",11,0.00485781484723708
"842",5859,23114,"LL5",43,"Fell",1985,52.75,11.05,"LL","Chondrite","Stony","Ordinary","LL",11,0.00485781484723708
"302",3478,10854,"H5",367,"Fell",1960,11.65,-2.18333,"H","Chondrite","Stony","Ordinary","H",16,1.82339952891488
"338",3598,11443,"LL5",968,"Fell",1949,9.91667,13.98333,"LL","Chondrite","Stony","Ordinary","LL",2,0.463225690897741
"668",5079,16984,"Eucrite-pmict",2300,"Fell",1823,44.08333,-69.48333,"Eucrite","Achondrite","Stony","Asteroidal","H-E-D Vesta",10,0.461815233876118
"528",4659,14716,"L6",1300,"Fell",1977,38.25,-85.75,"L","Chondrite","Stony","Ordinary","L",1,0.297273742080897
"325",3569,11196,"L5",45.5,"Fell",1976,60.66667,11,"L","Chondrite","Stony","Ordinary","L",9,2.84735119047619
"135",755,5128,"L",762,"Fell",1886,40.5,-80.08333,"L","Chondrite","Stony","Ordinary","L",1,0.297273742080897
"696",5321,18012,"Stone-uncl",367,"Fell",1519,39,-0.03333,"Stony",NA,"Stony",NA,NA,1,0.297273742080897
"165",915,5306,"L3.7",1025,"Fell",1988,26.46667,-105.23333,"L","Chondrite","Stony","Ordinary","L",2,0.463225690897741
"372",4059,11913,"L6",180,"Fell",1956,35.66667,115.5,"L","Chondrite","Stony","Ordinary","L",1,0.297273742080897
"247",3232,7750,"L6",13200,"Fell",1815,30.3,76.63333,"L","Chondrite","Stony","Ordinary","L",1,0.297273742080897
"840",5853,23107,"L6",61.4,"Fell",1981,44.97917,-122.96944,"L","Chondrite","Stony","Ordinary","L",1,0.297273742080897
"261",3298,7823,"Iron, IID",107000,"Fell",1399,50.18333,12.73333,"Iron IID","Achondrite","Iron","Magmatic","Siderite",10,0.461815233876118
"976",6720,24112,"LL5",100,"Fell",1822,30.33333,76.33333,"LL","Chondrite","Stony","Ordinary","LL",1,0.297273742080897
"876",6246,23529,"L5",18600,"Fell",1904,44.05,-80.16667,"L","Chondrite","Stony","Ordinary","L",1,0.297273742080897
"467",4428,12332,"H6",3250,"Fell",1843,51.6,10.8,"H","Chondrite","Stony","Ordinary","H",11,0.00485781484723708
"46",506,2325,"H5",810,"Fell",1954,-33,-66,"H","Chondrite","Stony","Ordinary","H",15,0.406210536590808
"116",690,5060,"LL3.15",1039,"Fell",1895,25.38333,82.6,"LL","Chondrite","Stony","Ordinary","LL",1,0.297273742080897
"532",4693,14753,"L6",340,"Fell",1869,32.03333,-84.76667,"L","Chondrite","Stony","Ordinary","L",1,0.297273742080897
"722",5396,18101,"LL5",408000,"Fell",1930,36.06667,-90.5,"LL","Chondrite","Stony","Ordinary","LL",1,0.297273742080897
"824",5822,22793,"LL6",478,"Fell",1999,23.08333,91.66667,"LL","Chondrite","Stony","Ordinary","LL",11,0.00485781484723708
"1089",8103,48653,"Eucrite",324,"Fell",2007,-31.35,129.19,"Eucrite","Achondrite","Stony","Asteroidal","H-E-D Vesta",11,0.00485781484723708
"804",5637,22590,"Iron, IIF",7000,"Fell",1933,48.6,45.66667,"Iron IIF","Achondrite","Iron","Magmatic","Siderite",13,0.428663281861922
"506",4569,12743,"L6",800,"Fell",1938,52.45,51.56667,"L","Chondrite","Stony","Ordinary","L",2,0.463225690897741
"806",5640,22593,"L6",3332,"Fell",1929,28.2,76.66667,"L","Chondrite","Stony","Ordinary","L",1,0.297273742080897
"184",944,5340,"LL6",8400,"Fell",1933,35.03333,-81.88333,"LL","Chondrite","Stony","Ordinary","LL",12,0.49799067553469
"555",4730,15403,"Diogenite",50,"Fell",1843,20.96667,76.1,"Diogenite","Achondrite","Stony","Asteroidal","H-E-D Vesta",1,0.297273742080897
"997",6787,24174,"CV3",15000,"Fell",1910,44.85,11.4,"CV","Chondrite","Stony","Carbonaceous","CV-CK",1,0.297273742080897
"573",4774,15454,"L6",4975,"Fell",1942,-1.21667,30,"L","Chondrite","Stony","Ordinary","L",2,0.463225690897741
"403",4303,12171,"H5",4e+06,"Fell",1976,44.05,126.16667,"H","Chondrite","Stony","Ordinary","H",2,0.463225690897741
"630",4977,16874,"L6",4703,"Fell",1924,24.5,90.21667,"L","Chondrite","Stony","Ordinary","L",1,0.297273742080897
"426",4348,12240,"H5",448,"Fell",1913,36.04167,139.95667,"H","Chondrite","Stony","Ordinary","H",11,0.00485781484723708
"526",4651,14708,"L6",25,"Fell",1894,38,-0.83333,"L","Chondrite","Stony","Ordinary","L",0,71.3451083182367
"383",4145,12004,"H6",7330,"Fell",1975,-6.03333,145.36667,"H","Chondrite","Stony","Ordinary","H",18,10.7446597222222
"826",5829,23081,"L6",360,"Fell",1883,44.75,0.05,"L","Chondrite","Stony","Ordinary","L",2,0.463225690897741
"878",6248,23531,"L6",605,"Fell",1976,33.65,120.06667,"L","Chondrite","Stony","Ordinary","L",1,0.297273742080897
"515",4601,12772,"L6",2000,"Fell",1896,50.36667,4.73333,"L","Chondrite","Stony","Ordinary","L",11,0.00485781484723708
"931",6572,23887,"L6",6000,"Fell",1929,35.13333,44.45,"L","Chondrite","Stony","Ordinary","L",1,0.297273742080897
"476",4463,12363,"OC",845.2,"Fell",1906,56.8,77,"Chondrite","Chondrite","Stony",NA,NA,8,9.36101905684755
"392",4193,12058,"EH7-an",4720,"Fell",1990,26.59083,-12.95217,"EH","Chondrite","Stony","Enstatite","EH-EL",11,0.00485781484723708
"332",3590,11435,"H5",2910,"Fell",1996,39.80417,122.76389,"H","Chondrite","Stony","Ordinary","H",11,0.00485781484723708
"958",6666,24053,"H",357.4,"Fell",1950,58.47333,8.86667,"H","Chondrite","Stony","Ordinary","H",0,71.3451083182367
"1057",7169,30751,"H5/6",4629,"Fell",2004,12.83333,9.38333,"H","Chondrite","Stony","Ordinary","H",11,0.00485781484723708
"209",1106,5511,"L6",5650,"Fell",1878,26.91667,83.96667,"L","Chondrite","Stony","Ordinary","L",1,0.297273742080897
"115",689,5059,"Aubrite",6000,"Fell",1843,34.16667,-80.28333,"Aubrite","Achondrite","Stony","Asteroidal",NA,12,0.49799067553469
"793",5572,22390,"H5",300,"Fell",1899,19.86667,-100.81667,"H","Chondrite","Stony","Ordinary","H",1,0.297273742080897
"491",4491,12394,"OC",399,"Fell",1878,20.66667,-101.28333,"Chondrite","Chondrite","Stony",NA,NA,15,0.406210536590808
"560",4746,15421,"H6",3200,"Fell",1941,4.66667,29.25,"H","Chondrite","Stony","Ordinary","H",16,1.82339952891488
"682",5286,17969,"Iron, IIIAB",737.6,"Fell",1939,21.20833,94.91667,"Iron IIIAB","Achondrite","Iron","Magmatic","Siderite",1,0.297273742080897
"304",3483,10860,"Iron, IIE",380,"Fell",1917,27.88333,68.53333,"Iron IIE","Achondrite","Iron","Non-magmatic","Primative",2,0.463225690897741
"551",4725,15397,"H5",367,"Fell",1931,-28.93333,-63.23333,"H","Chondrite","Stony","Ordinary","H",2,0.463225690897741
"220",2224,6693,"H6",25400,"Fell",1962,25.73333,73.61667,"H","Chondrite","Stony","Ordinary","H",2,0.463225690897741
"896",6358,23645,"L4",2750,"Fell",1818,55,35,"L","Chondrite","Stony","Ordinary","L",10,0.461815233876118
"703",5339,18034,"H6",3400,"Fell",1872,42.13333,12.93333,"H","Chondrite","Stony","Ordinary","H",11,0.00485781484723708
"1090",8104,48654,"H4",41000,"Fell",2008,52.996,-109.84817,"H","Chondrite","Stony","Ordinary","H",11,0.00485781484723708
"553",4728,15401,"L6",1000,"Fell",1927,45.21667,62.08333,"L","Chondrite","Stony","Ordinary","L",14,0.498018659921233
"1103",8710,52090,"L5",3584,"Fell",2010,42.9075,-90.36556,"L","Chondrite","Stony","Ordinary","L",11,0.00485781484723708
"763",5487,18849,"L5",39,"Fell",1723,50.53333,14.11667,"L","Chondrite","Stony","Ordinary","L",10,0.461815233876118
"351",3979,11829,"CM2",315,"Fell",1921,28.38333,75.78333,"CM","Chondrite","Stony","Carbonaceous","CM-CO",1,0.297273742080897
"19",437,447,"LL5",700,"Fell",2001,13.66033,28.96,"LL","Chondrite","Stony","Ordinary","LL",11,0.00485781484723708
"1079",7962,47351,"Iron, IIE-an",6800,"Fell",2006,25.14333,75.81333,"Iron IIE","Achondrite","Iron","Magmatic","Siderite",11,0.00485781484723708
"354",3997,11848,"H4",1110.6,"Fell",1910,35.2945,136.70033,"H","Chondrite","Stony","Ordinary","H",1,0.297273742080897
"1010",6869,24249,"H4",150000,"Fell",1807,41.266667,-73.266667,"H","Chondrite","Stony","Ordinary","H",1,0.297273742080897
"637",4994,16892,"Eucrite-cm",20,"Fell",1875,26.98333,78.21667,"Eucrite","Achondrite","Stony","Asteroidal","H-E-D Vesta",1,0.297273742080897
"1109",8931,53810,"H5",4300,"Fell",2010,48.76367,21.17633,"H","Chondrite","Stony","Ordinary","H",11,0.00485781484723708
"1041",6975,30389,"Pallasite, PMG-an",330,"Fell",1898,33.7,133.8,"Main Group","Achondrite","Stony-Iron","Pallasite",NA,11,0.00485781484723708
"56",547,4888,"L6",1384.2,"Fell",1945,34.31667,-96.15,"L","Chondrite","Stony","Ordinary","L",11,0.00485781484723708
"140",782,5156,"L6",303000,"Fell",1960,53.9,-112.88333,"L","Chondrite","Stony","Ordinary","L",1,0.297273742080897
"924",6467,23784,"H4/5",1000,"Fell",1991,34.72,137.305,"H","Chondrite","Stony","Ordinary","H",11,0.00485781484723708
"292",3453,10177,"Howardite",650,"Fell",1868,34.48333,-87.83333,"Howardite","Achondrite","Stony","Asteroidal","H-E-D Vesta",12,0.49799067553469
"129",739,5111,"L6",8600,"Fell",1894,21.95,78.03333,"L","Chondrite","Stony","Ordinary","L",16,1.82339952891488
"87",620,4976,"LL5",1557,"Fell",1989,11.08333,-0.18333,"LL","Chondrite","Stony","Ordinary","LL",16,1.82339952891488
"111",675,5043,"H4",1900,"Fell",1887,50.13333,27.16667,"H","Chondrite","Stony","Ordinary","H",11,0.00485781484723708
"397",4206,12072,"H6",22,"Fell",1866,18.75,75.33333,"H","Chondrite","Stony","Ordinary","H",15,0.406210536590808
"695",5319,18009,"L6",16570,"Fell",1930,52.95,8.16667,"L","Chondrite","Stony","Ordinary","L",2,0.463225690897741
"811",5656,22611,"L4",1310,"Fell",1934,-26.1,-49.8,"L","Chondrite","Stony","Ordinary","L",12,0.49799067553469
"297",3471,10846,"H6",132.7,"Fell",1826,44.3,0.4,"H","Chondrite","Stony","Ordinary","H",11,0.00485781484723708
"327",3579,11207,"H5",10500,"Fell",1837,49.26667,18.71667,"H","Chondrite","Stony","Ordinary","H",10,0.461815233876118
"619",4884,16740,"L6",70,"Fell",1808,28.78333,78.83333,"L","Chondrite","Stony","Ordinary","L",1,0.297273742080897
"76",595,4942,"H5",6400,"Fell",1790,43.95,-0.05,"H","Chondrite","Stony","Ordinary","H",12,0.49799067553469
"952",6654,24036,"H6",1030,"Fell",1812,43.6,1.4,"H","Chondrite","Stony","Ordinary","H",11,0.00485781484723708
"929",6569,23884,"Diogenite",12000,"Fell",1931,32.95,10.41667,"Diogenite","Achondrite","Stony","Asteroidal","H-E-D Vesta",14,0.498018659921233
"720",5390,18093,"L5",10500,"Fell",1859,15.08333,120.7,"L","Chondrite","Stony","Ordinary","L",16,1.82339952891488
"461",4408,12308,"H5",772,"Fell",1911,43.58333,-89.6,"H","Chondrite","Stony","Ordinary","H",2,0.463225690897741
"224",2230,6699,"OC",1800,"Fell",1848,14.88333,75.6,"Chondrite","Chondrite","Stony",NA,NA,1,0.297273742080897
"38",486,2302,"Angrite",1500,"Fell",1869,-22.96667,-44.31667,"Angrite","Achondrite","Stony","Asteroidal",NA,2,0.463225690897741
"374",4062,11916,"Iron, IID",49000,"Fell",1751,46.1,16.33333,"Iron IID","Achondrite","Iron","Magmatic","Siderite",11,0.00485781484723708
"685",5301,17988,"H5",1400,"Fell",1927,52.28333,8.05,"H","Chondrite","Stony","Ordinary","H",1,0.297273742080897
"237",3203,7718,"H5-7",3891,"Fell",1805,51.2,112.3,"H","Chondrite","Stony","Ordinary","H",8,9.36101905684755
"98",657,5024,"LL6",45000,"Fell",2002,30,-7,"LL","Chondrite","Stony","Ordinary","LL",11,0.00485781484723708
"163",905,5295,"Stone-uncl",15000,"Fell",1583,39.8,16.2,"Stony",NA,"Stony",NA,NA,15,0.406210536590808
"717",5374,18077,"Iron",18000,"Fell",1914,43.48333,118.61667,"Iron","Achondrite","Iron",NA,NA,2,0.463225690897741
"221",2225,6694,"H3.8",12000,"Fell",2001,19,81,"H","Chondrite","Stony","Ordinary","H",11,0.00485781484723708
"615",4877,16733,"L6",367,"Fell",1950,-15.96667,27.35,"L","Chondrite","Stony","Ordinary","L",16,1.82339952891488
"1082",7965,47351,"Iron, IIE-an",6800,"Fell",2006,25.14333,75.81333,"Iron IIE","Achondrite","Iron","Non-magmatic","Primative",11,0.00485781484723708
"233",3192,7661,"L5",438,"Fell",1907,40,29,"L","Chondrite","Stony","Ordinary","L",1,0.297273742080897
"639",5000,16898,"Martian (nakhlite)",10000,"Fell",1911,31.31667,30.35,"Nakhilite","Achondrite","Stony","Martian","SNC",14,0.498018659921233
"937",6607,23984,"H5",2232,"Fell",1986,32.94667,118.99,"H","Chondrite","Stony","Ordinary","H",2,0.463225690897741
"585",4814,16626,"L6",870,"Fell",1897,50.58333,11.1,"L","Chondrite","Stony","Ordinary","L",2,0.463225690897741
"175",932,5325,"L6",31500,"Fell",1812,46.68333,1.05,"L","Chondrite","Stony","Ordinary","L",11,0.00485781484723708
"28",455,466,"L6",228000,"Fell",1883,45.26667,10.15,"L","Chondrite","Stony","Ordinary","L",1,0.297273742080897
"1073",7952,47343,"L5",89.3,"Fell",1996,45.34583,-92.05167,"L","Chondrite","Stony","Ordinary","L",11,0.00485781484723708
"107",671,5039,"L6",100,"Fell",1893,20.83333,71.46667,"L","Chondrite","Stony","Ordinary","L",0,71.3451083182367
"679",5272,17938,"H5",50000,"Fell",1978,24.3,-102.13333,"H","Chondrite","Stony","Ordinary","H",13,0.428663281861922
"644",5008,16907,"H6",529,"Fell",1984,32.11667,121.8,"H","Chondrite","Stony","Ordinary","H",0,71.3451083182367
"119",695,5065,"L5",705,"Fell",1941,40.91667,-78.08333,"L","Chondrite","Stony","Ordinary","L",2,0.463225690897741
"882",6300,23584,"L6",3200,"Fell",1863,24.33333,90.16667,"L","Chondrite","Stony","Ordinary","L",1,0.297273742080897
"296",3466,10840,"Stone-uncl",2500,"Fell",1977,32.9,115.9,"Stony",NA,"Stony",NA,NA,1,0.297273742080897
"752",5450,18811,"H4",7800,"Fell",1933,12,105.48333,"H","Chondrite","Stony","Ordinary","H",1,0.297273742080897
"146",804,5181,"Aubrite",1500,"Fell",1852,26.78333,82.83333,"Aubrite","Achondrite","Stony","Asteroidal",NA,1,0.297273742080897
"625",4921,16804,"L5",110000,"Fell",1991,18.7,4.8,"L","Chondrite","Stony","Ordinary","L",11,0.00485781484723708
"359",4017,11869,"H5",3500,"Fell",1922,55.46667,13.78333,"H","Chondrite","Stony","Ordinary","H",0,71.3451083182367
"218",2218,6660,"L6",230,"Fell",1967,39.7825,-104.93056,"L","Chondrite","Stony","Ordinary","L",1,0.297273742080897
"1105",8860,52843,"L6",329.7,"Fell",2010,38.70066,-77.21163,"L","Chondrite","Stony","Ordinary","L",11,0.00485781484723708
"401",4218,12086,"H5",222,"Fell",1964,31.91667,104.91667,"H","Chondrite","Stony","Ordinary","H",1,0.297273742080897
"120",698,5068,"L5",2381,"Fell",1906,36.83333,-97.33333,"L","Chondrite","Stony","Ordinary","L",1,0.297273742080897
"755",5455,18816,"Stone-uncl",367,"Fell",1843,41.36667,-6.23333,"Stony",NA,"Stony",NA,NA,2,0.463225690897741
"355",3998,11848,"H4",1110.6,"Fell",1910,35.2945,136.70033,"H","Chondrite","Stony","Ordinary","H",1,0.297273742080897
"23",447,458,"Eucrite-mmict",252,"Fell",2002,45.82133,6.01533,"Eucrite","Achondrite","Stony","Asteroidal","H-E-D Vesta",11,0.00485781484723708
"737",5419,18179,"L6",367,"Fell",1989,11.33367,-3.54217,"L","Chondrite","Stony","Ordinary","L",16,1.82339952891488
"912",6417,23732,"Stone-uncl",10400,"Fell",1623,50.38333,-3.95,"Stony",NA,"Stony",NA,NA,2,0.463225690897741
"85",618,4974,"H4",21000,"Fell",1892,45.41667,-98.31667,"H","Chondrite","Stony","Ordinary","H",2,0.463225690897741
"2",2,2,"H6",720,"Fell",1951,56.18333,10.23333,"H","Chondrite","Stony","Ordinary","H",1,0.297273742080897
"406",4310,12199,"LL6",483,"Fell",1974,-11.85,15.83333,"LL","Chondrite","Stony","Ordinary","LL",1,0.297273742080897
"880",6298,23582,"H5",3900,"Fell",1971,43.5,125.66667,"H","Chondrite","Stony","Ordinary","H",2,0.463225690897741
"568",4765,15443,"Howardite",1600,"Fell",1803,48.13333,12.61667,"Howardite","Achondrite","Stony","Asteroidal","H-E-D Vesta",10,0.461815233876118
"268",3333,10042,"CM2",113,"Fell",1940,19.03333,81.89167,"CM","Chondrite","Stony","Carbonaceous","CM-CO",16,1.82339952891488
"887",6321,23606,"L6",1455,"Fell",1916,30.9,32.48333,"L","Chondrite","Stony","Ordinary","L",14,0.498018659921233
"1022",6926,24342,"Stone-uncl",367,"Fell",1931,35.13333,113.33333,"Stony",NA,"Stony",NA,NA,1,0.297273742080897
"389",4186,12049,"H",1300,"Fell",1954,-8.93333,33.8,"H","Chondrite","Stony","Ordinary","H",2,0.463225690897741
"424",4344,12236,"L6",4500,"Fell",1879,17.83333,73.98333,"L","Chondrite","Stony","Ordinary","L",16,1.82339952891488
"904",6400,23712,"H5",34000,"Fell",1876,59.93333,14.95,"H","Chondrite","Stony","Ordinary","H",9,2.84735119047619
"83",614,4954,"L5",44000,"Fell",1965,52.56528,-1.33972,"L","Chondrite","Stony","Ordinary","L",1,0.297273742080897
"289",3439,10163,"H6",240,"Fell",1900,50.95,7.31667,"H","Chondrite","Stony","Ordinary","H",1,0.297273742080897
"340",3604,11449,"CBa",1e+05,"Fell",1984,11.49167,11.65833,"CB","Chondrite","Stony","Carbonaceous","CR",2,0.463225690897741
"489",4487,12390,"L6",45000,"Fell",1886,32.03333,130.63333,"L","Chondrite","Stony","Ordinary","L",11,0.00485781484723708
"1030",6946,30358,"H5",13600,"Fell",1852,14.3,79.76667,"H","Chondrite","Stony","Ordinary","H",1,0.297273742080897
"735",5416,18176,"L6",40000,"Fell",1826,48.53333,35.98333,"L","Chondrite","Stony","Ordinary","L",1,0.297273742080897
"850",5898,23176,"L4",2e+05,"Fell",1918,52.55,46.55,"L","Chondrite","Stony","Ordinary","L",1,0.297273742080897
"1029",6940,30352,"Iron, IAB complex",150200,"Fell",1959,38.93333,48.25,"Iron IAB","Achondrite","Iron","Non-magmatic","Primative",13,0.428663281861922
"656",5055,16953,"L6",230000,"Fell",1860,40,-81.76667,"L","Chondrite","Stony","Ordinary","L",11,0.00485781484723708
"970",6707,24098,"L6",1000,"Fell",1989,41.76667,62.51667,"L","Chondrite","Stony","Ordinary","L",14,0.498018659921233
"366",4038,11889,"H5",414,"Fell",2003,34.45,132.38333,"H","Chondrite","Stony","Ordinary","H",11,0.00485781484723708
"21",442,453,"L/LL4",2000,"Fell",1766,44.65,11.01667,"LL","Chondrite","Stony","Ordinary","LL",1,0.297273742080897
"627",4925,16820,"Stone-uncl",1100,"Fell",1944,-11.5,33.5,"Stony",NA,"Stony",NA,NA,15,0.406210536590808
"634",4990,16887,"OC",367,"Fell",1842,23.05,72.63333,"Chondrite","Chondrite","Stony",NA,NA,1,0.297273742080897
"981",6739,24132,"L6",1269,"Fell",1963,49.975,16.375,"L","Chondrite","Stony","Ordinary","L",1,0.297273742080897
"870",6221,23504,"H4",350,"Fell",1908,-19.46667,-44.21667,"H","Chondrite","Stony","Ordinary","H",2,0.463225690897741
"1072",7948,45984,"Eucrite-br",500,"Fell",2007,39.35,-3.51667,"Eucrite","Achondrite","Stony","Asteroidal","H-E-D Vesta",11,0.00485781484723708
"14",416,426,"L6",779,"Fell",1949,29.51667,35.05,"L","Chondrite","Stony","Ordinary","L",14,0.498018659921233
"609",4866,16719,"H5",2587,"Fell",1998,31.60833,-102.85833,"H","Chondrite","Stony","Ordinary","H",11,0.00485781484723708
"557",4736,15409,"LL3.4",3555,"Fell",1951,45.81667,44.63333,"LL","Chondrite","Stony","Ordinary","LL",13,0.428663281861922
"133",745,5117,"L4",614,"Fell",1823,51.33333,33.88333,"L","Chondrite","Stony","Ordinary","L",10,0.461815233876118
"1083",7966,47351,"Iron, IIE-an",6800,"Fell",2006,25.14333,75.81333,"Iron IIE","Achondrite","Iron","Non-magmatic","Primative",11,0.00485781484723708
"400",4217,12085,"L5",5900,"Fell",1873,31.3,72.38333,"L","Chondrite","Stony","Ordinary","L",2,0.463225690897741
"370",4049,11901,"L5",230000,"Fell",1875,41.8,-91.86667,"L","Chondrite","Stony","Ordinary","L",1,0.297273742080897
"697",5322,18013,"LL5",150000,"Fell",1924,38.71667,-7.06667,"LL","Chondrite","Stony","Ordinary","LL",1,0.297273742080897
"26",452,463,"H5",908,"Fell",1860,44.88333,8.75,"H","Chondrite","Stony","Ordinary","H",1,0.297273742080897
"1069",7789,45817,"H4-5",342,"Fell",2007,-16.66444,-69.04389,"H","Chondrite","Stony","Ordinary","H",11,0.00485781484723708
"641",5004,16902,"H5",4500,"Fell",1886,12.28333,79.2,"H","Chondrite","Stony","Ordinary","H",1,0.297273742080897
"187",948,5344,"Stone-uncl",72,"Fell",1880,14.5,76.5,"Stony",NA,"Stony",NA,NA,1,0.297273742080897
"322",3539,10948,"H6",1600,"Fell",1865,24.23333,89.05,"H","Chondrite","Stony","Ordinary","H",1,0.297273742080897
"174",929,5322,"H5",1810,"Fell",1977,29.08333,111.75,"H","Chondrite","Stony","Ordinary","H",1,0.297273742080897
"232",3190,7659,"L6",1600,"Fell",1864,50.75,25.3,"L","Chondrite","Stony","Ordinary","L",10,0.461815233876118
"349",3639,11485,"LL4",3710,"Fell",1959,41.38333,-86.6,"LL","Chondrite","Stony","Ordinary","LL",1,0.297273742080897
"197",1000,5401,"L6",469,"Fell",1994,43.76111,-84.50778,"L","Chondrite","Stony","Ordinary","L",11,0.00485781484723708
"1099",8209,50911,"H5",215,"Fell",2009,43.2,-79.61667,"H","Chondrite","Stony","Ordinary","H",11,0.00485781484723708
"592",4823,16635,"L6",6380,"Fell",1992,35.56833,133.22,"L","Chondrite","Stony","Ordinary","L",11,0.00485781484723708
"593",4824,16636,"L6",224.2,"Fell",1944,46.23333,17.53333,"L","Chondrite","Stony","Ordinary","L",2,0.463225690897741
"596",4837,16645,"H5",16700,"Fell",1930,35.4,-92.05,"H","Chondrite","Stony","Ordinary","H",1,0.297273742080897
"31",471,2284,"LL5",6000,"Fell",1977,35.27333,44.21556,"LL","Chondrite","Stony","Ordinary","LL",1,0.297273742080897
"753",5451,18812,"L5",11000,"Fell",1941,15.71667,108.1,"L","Chondrite","Stony","Ordinary","L",18,10.7446597222222
"488",4482,12385,"L6",4047,"Fell",1932,55.2,75.33333,"L","Chondrite","Stony","Ordinary","L",8,9.36101905684755
"681",5277,17960,"H4",363,"Fell",1925,43.33333,141.86667,"H","Chondrite","Stony","Ordinary","H",10,0.461815233876118
"516",4605,14646,"H6",4000,"Fell",1973,-26.15,26.18333,"H","Chondrite","Stony","Ordinary","H",2,0.463225690897741
"262",3299,7824,"L5",54640,"Fell",1951,47.83333,37.66667,"L","Chondrite","Stony","Ordinary","L",11,0.00485781484723708
"509",4579,12755,"L6",51500,"Fell",1943,35.88333,-99.33333,"L","Chondrite","Stony","Ordinary","L",2,0.463225690897741
"79",599,4947,"H5",23.2,"Fell",1904,52.73333,84.08333,"H","Chondrite","Stony","Ordinary","H",9,2.84735119047619
"1101",8404,51589,"L6",3667,"Fell",2009,46.42137,14.05217,"L","Chondrite","Stony","Ordinary","L",11,0.00485781484723708
"277",3365,10078,"H5",1500,"Fell",1844,44.38333,2.81667,"H","Chondrite","Stony","Ordinary","H",11,0.00485781484723708
"698",5324,18015,"H5",40000,"Fell",1929,39.56667,-2.1,"H","Chondrite","Stony","Ordinary","H",2,0.463225690897741
"213",2175,6604,"H5",7000,"Fell",1998,41.98444,59.685,"H","Chondrite","Stony","Ordinary","H",11,0.00485781484723708
"629",4955,16851,"L",25.5,"Fell",1795,9.33333,80.83333,"L","Chondrite","Stony","Ordinary","L",0,71.3451083182367
"13",415,425,"Unknown",367,"Fell",1769,50.66667,2.33333,"Unknown",NA,NA,NA,NA,1,0.297273742080897
"273",3345,10055,"C2-ung",500,"Fell",1957,2.88333,30.83333,"Chondrite","Chondrite","Stony","Carbonaceous",NA,17,3.8504410331384
"1063",7456,35465,"L6",1500,"Fell",1999,11.33333,10.08333,"L","Chondrite","Stony","Ordinary","L",11,0.00485781484723708
"922",6461,23778,"L5",9000,"Fell",1867,36.18333,5.41667,"L","Chondrite","Stony","Ordinary","L",2,0.463225690897741
"1054",7025,30443,"LL6",25000,"Fell",2004,32.25,-8.15,"LL","Chondrite","Stony","Ordinary","LL",11,0.00485781484723708
"303",3482,10860,"Iron, IIE",380,"Fell",1917,27.88333,68.53333,"Iron IIE","Achondrite","Iron","Magmatic","Siderite",2,0.463225690897741
"330",3584,11429,"H5",690,"Fell",1910,52.86667,16.63333,"H","Chondrite","Stony","Ordinary","H",1,0.297273742080897
"618",4882,16738,"L6",8887.5,"Fell",1930,-40.975,145.6,"L","Chondrite","Stony","Ordinary","L",0,71.3451083182367
"1026",6934,30345,"H5",4,"Fell",1951,1,22.5,"H","Chondrite","Stony","Ordinary","H",18,10.7446597222222
"537",4699,14759,"Unknown",367,"Fell",1951,-7.21667,29.43333,"Unknown",NA,NA,NA,NA,2,0.463225690897741
"1027",6936,30348,"H5",20000,"Fell",1954,21.83333,111.83333,"H","Chondrite","Stony","Ordinary","H",2,0.463225690897741
"138",762,5135,"H/L3.9",7250,"Fell",1855,53.4,9.1,"H,L, or LL","Chondrite","Stony","Ordinary",NA,11,0.00485781484723708
"777",5530,18902,"Stone-uncl",100,"Fell",1811,13.33333,78.95,"Stony",NA,"Stony",NA,NA,1,0.297273742080897
"117",693,5063,"H6",1850,"Fell",1796,49.78333,30.16667,"H","Chondrite","Stony","Ordinary","H",1,0.297273742080897
"326",3578,11206,"CV3",3500,"Fell",1861,43.66667,45.38333,"CV","Chondrite","Stony","Carbonaceous","CV-CK",1,0.297273742080897
"248",3233,7752,"L6",577,"Fell",1853,-4,39.5,"L","Chondrite","Stony","Ordinary","L",0,71.3451083182367
"1017",6910,24324,"OC",166.4,"Fell",1964,9,39,"Chondrite","Chondrite","Stony",NA,NA,1,0.297273742080897
"647",5013,16912,"L6",367.5,"Fell",1928,-34.05,150.68889,"L","Chondrite","Stony","Ordinary","L",1,0.297273742080897
"868",6218,23501,"H4",8500,"Fell",1818,41.05,23.56667,"H","Chondrite","Stony","Ordinary","H",2,0.463225690897741
"990",6757,24149,"L5",50000,"Fell",1972,9.31667,-70.62833,"L","Chondrite","Stony","Ordinary","L",1,0.297273742080897
"788",5558,22376,"L6",9000,"Fell",1878,52.98333,37.03333,"L","Chondrite","Stony","Ordinary","L",2,0.463225690897741
"194",975,5374,"L6",1455,"Fell",1984,32.1025,-81.87278,"L","Chondrite","Stony","Ordinary","L",2,0.463225690897741
"214",2182,6621,"H6",340,"Fell",1887,43,-80,"H","Chondrite","Stony","Ordinary","H",0,71.3451083182367
"1018",6911,24325,"L6",25000,"Fell",1795,54.13667,-0.41333,"L","Chondrite","Stony","Ordinary","L",0,71.3451083182367
"423",4340,12232,"H4",950,"Fell",1951,-6.83333,29.5,"H","Chondrite","Stony","Ordinary","H",0,71.3451083182367
"474",4455,12355,"L6",2440,"Fell",1829,54.03333,40.9,"L","Chondrite","Stony","Ordinary","L",10,0.461815233876118
"4",9,10,"Acapulcoite",1914,"Fell",1976,16.88333,-99.9,"Acapulcoite","Achondrite","Stony","Primitive",NA,0,71.3451083182367
"1038",6970,30384,"H3-6",175000,"Fell",1998,27.33333,-9.33333,"H","Chondrite","Stony","Ordinary","H",11,0.00485781484723708
"88",621,4977,"L6",611,"Fell",1916,36.75,-93.5,"L","Chondrite","Stony","Ordinary","L",11,0.00485781484723708
"1003",6800,24188,"Eucrite-cm",1303.8,"Fell",1997,16.83333,80.75,"Eucrite","Achondrite","Stony","Asteroidal","H-E-D Vesta",11,0.00485781484723708
"161",902,5292,"Stone-uncl",367,"Fell",1791,43.35,11.5,"Stony",NA,"Stony",NA,NA,11,0.00485781484723708
"992",6764,24158,"H5",10800,"Fell",1950,56.13333,77.26667,"H","Chondrite","Stony","Ordinary","H",0,71.3451083182367
"469",4431,12336,"CK4",136,"Fell",1999,34.73333,135.16667,"CK","Chondrite","Stony","Carbonaceous","CV-CK",11,0.00485781484723708
"477",4464,12364,"LL3.2",50000,"Fell",1946,47.83333,30.76667,"LL","Chondrite","Stony","Ordinary","LL",1,0.297273742080897
"278",3366,10079,"H4",2360,"Fell",1934,36.05,-94.16667,"H","Chondrite","Stony","Ordinary","H",11,0.00485781484723708
"108",672,5040,"LL3-6",1047,"Fell",1940,22.68333,90.65,"LL","Chondrite","Stony","Ordinary","LL",16,1.82339952891488
"404",4304,12173,"Howardite",30,"Fell",1877,55.7,24.4,"Howardite","Achondrite","Stony","Asteroidal","H-E-D Vesta",10,0.461815233876118
"429",4352,12245,"H5",1630,"Fell",1908,-7,115.5,"H","Chondrite","Stony","Ordinary","H",0,71.3451083182367
"699",5327,18019,"Pallasite, PMG",250000,"Fell",1981,64.02,161.80833,"Main Group","Achondrite","Stony-Iron","Pallasite",NA,6,15.1999643132716
"858",6181,23460,"L6",8000,"Fell",1846,48.11667,10.46667,"L","Chondrite","Stony","Ordinary","L",2,0.463225690897741
"866",6213,23496,"H6",866,"Fell",1993,39.43833,140.51167,"H","Chondrite","Stony","Ordinary","H",11,0.00485781484723708
"11",413,423,"Diogenite-pm",1000,"Fell",1974,16.39806,-9.57028,"Diogenite","Achondrite","Stony","Asteroidal","H-E-D Vesta",2,0.463225690897741
"1112",9083,54719,"H5",1600,"Fell",2010,26.46469,106.63241,"H","Chondrite","Stony","Ordinary","H",11,0.00485781484723708
"1107",8907,53633,"L5",2500,"Fell",2010,-20.85001,-41.73356,"L","Chondrite","Stony","Ordinary","L",11,0.00485781484723708
"987",6752,24144,"H6",2799,"Fell",1944,11.98333,79.75,"H","Chondrite","Stony","Ordinary","H",0,71.3451083182367
"934",6589,23898,"L4",28500,"Fell",1872,58.03333,26.95,"L","Chondrite","Stony","Ordinary","L",10,0.461815233876118
"674",5264,17930,"H4",177,"Fell",1971,45.29167,11.52722,"H","Chondrite","Stony","Ordinary","H",1,0.297273742080897
"906",6405,23717,"L6",1500,"Fell",1857,45.05,41.98333,"L","Chondrite","Stony","Ordinary","L",2,0.463225690897741
"899",6375,23663,"H5",54,"Fell",1860,47.36667,1.73333,"H","Chondrite","Stony","Ordinary","H",11,0.00485781484723708
"202",1068,5470,"CM2",78.4,"Fell",1936,35.95,-97.58333,"CM","Chondrite","Stony","Carbonaceous","CM-CO",1,0.297273742080897
"9",390,398,"L6",1620,"Fell",1930,-31.6,-65.23333,"L","Chondrite","Stony","Ordinary","L",2,0.463225690897741
"1005",6802,24191,"L6",20000,"Fell",1831,46.63333,0.16667,"L","Chondrite","Stony","Ordinary","L",2,0.463225690897741
"552",4727,15400,"Eucrite-pmict",807,"Fell",1933,-29.45,26.76667,"Eucrite","Achondrite","Stony","Asteroidal","H-E-D Vesta",2,0.463225690897741
"845",5874,23130,"L6",282,"Fell",1956,-31.01667,-71.4,"L","Chondrite","Stony","Ordinary","L",13,0.428663281861922
"339",3603,11448,"H5",2449,"Fell",1982,22.98333,76.05,"H","Chondrite","Stony","Ordinary","H",1,0.297273742080897
"358",4008,11859,"Ureilite",1544,"Fell",1971,60.24556,22.06194,"Ureilite","Achondrite","Stony","Primitive or asteroidal",NA,1,0.297273742080897
"155",868,5252,"H5",34000,"Fell",1866,43.38333,-5.15,"H","Chondrite","Stony","Ordinary","H",1,0.297273742080897
"825",5825,22796,"Stone-uncl",367,"Fell",1636,51.53333,14.88333,"Stony",NA,"Stony",NA,NA,11,0.00485781484723708
"256",3252,7776,"H4",3336,"Fell",1939,56.03333,13,"H","Chondrite","Stony","Ordinary","H",1,0.297273742080897
"801",5633,22586,"CR2",1000,"Fell",1824,44.76667,11.28333,"CR","Chondrite","Stony","Carbonaceous","CR",1,0.297273742080897
"747",5440,18800,"H5",189,"Fell",1995,14.052,0.42,"H","Chondrite","Stony","Ordinary","H",11,0.00485781484723708
"305",3484,10860,"Iron, IIE",380,"Fell",1917,27.88333,68.53333,"Iron IIE","Achondrite","Iron","Magmatic","Siderite",2,0.463225690897741
"345",3622,11467,"OC",1320,"Fell",1930,35,127.5,"Chondrite","Chondrite","Stony",NA,NA,0,71.3451083182367
"379",4138,11994,"OC",367,"Fell",1949,38,35,"Chondrite","Chondrite","Stony",NA,NA,13,0.428663281861922
"963",6675,24062,"H6",10000,"Fell",1967,45.46667,105.38333,"H","Chondrite","Stony","Ordinary","H",2,0.463225690897741
"465",4423,12325,"L6",1550,"Fell",1914,48.16667,22.30833,"L","Chondrite","Stony","Ordinary","L",1,0.297273742080897
"1070",7944,45976,"H/L4",478,"Fell",2007,3.405,-76.51,"H,L, or LL","Chondrite","Stony","Ordinary",NA,11,0.00485781484723708
"586",4815,16627,"L6",1300,"Fell",1949,45.76667,3.25,"L","Chondrite","Stony","Ordinary","L",11,0.00485781484723708
"337",3597,11442,"L5",288,"Fell",1972,13.5,-0.68333,"L","Chondrite","Stony","Ordinary","L",15,0.406210536590808
"1065",7723,36592,"CO3.6",3763,"Fell",2006,59.43333,10.7,"CO","Chondrite","Stony","Carbonaceous","CM-CO",11,0.00485781484723708
"415",4328,12220,"H4",13400,"Fell",1971,11.85,8.21667,"H","Chondrite","Stony","Ordinary","H",1,0.297273742080897
"102",665,5032,"H",13.9,"Fell",1859,42.53333,-73.83333,"H","Chondrite","Stony","Ordinary","H",1,0.297273742080897
"1077",7960,47351,"Iron, IIE-an",6800,"Fell",2006,25.14333,75.81333,"Iron IIE","Achondrite","Iron","Magmatic","Siderite",11,0.00485781484723708
"239",3207,7723,"LL6",1161,"Fell",1932,32.33333,-6.3,"LL","Chondrite","Stony","Ordinary","LL",2,0.463225690897741
"486",4480,12383,"H5",23,"Fell",1977,44.51667,39.3,"H","Chondrite","Stony","Ordinary","H",1,0.297273742080897
"613",4872,16727,"H5",149000,"Fell",1923,43.39056,1.9625,"H","Chondrite","Stony","Ordinary","H",11,0.00485781484723708
"782",5540,22358,"H4",6045,"Fell",1857,17.76667,95.18333,"H","Chondrite","Stony","Ordinary","H",1,0.297273742080897
"55",545,4885,"LL6",265,"Fell",1933,34.75,-87,"LL","Chondrite","Stony","Ordinary","LL",1,0.297273742080897
"65",567,4913,"L6",2830,"Fell",1938,36.8,-108,"L","Chondrite","Stony","Ordinary","L",13,0.428663281861922
"77",596,4944,"OC",367,"Fell",1704,41.36667,2.16667,"Chondrite","Chondrite","Stony",NA,NA,0,71.3451083182367
"602",4851,16703,"H5",5800,"Fell",1890,56.66667,23,"H","Chondrite","Stony","Ordinary","H",10,0.461815233876118
"244",3226,7743,"L6",30,"Fell",1999,-31.66667,152.83333,"L","Chondrite","Stony","Ordinary","L",11,0.00485781484723708
"459",4406,12306,"H6",195,"Fell",1809,55,34,"H","Chondrite","Stony","Ordinary","H",10,0.461815233876118
"173",928,5321,"L6",1100,"Fell",1885,27.28333,79.05,"L","Chondrite","Stony","Ordinary","L",1,0.297273742080897
"410",4319,12209,"L6",32490,"Fell",1984,-7.71667,111.2,"L","Chondrite","Stony","Ordinary","L",1,0.297273742080897
"909",6412,23728,"L6",50,"Fell",1974,41.2,-73.13333,"L","Chondrite","Stony","Ordinary","L",2,0.463225690897741
"274",3348,10059,"Mesosiderite-A3/4",320000,"Fell",1879,43.41667,-94.83333,"Mesosiderite","Achondrite","Stony-Iron","Mesosiderite",NA,2,0.463225690897741
"34",480,2295,"L6",3200,"Fell",1898,44.61667,-70.75,"L","Chondrite","Stony","Ordinary","L",10,0.461815233876118
"104",668,5034,"L5",2000,"Fell",1859,43.21667,-0.23333,"L","Chondrite","Stony","Ordinary","L",11,0.00485781484723708
"18",436,446,"CR2-an",160,"Fell",1957,24.41667,39.51667,"CR","Chondrite","Stony","Carbonaceous","CR",2,0.463225690897741
"483",4477,12379,"H5",1100000,"Fell",1998,42.25,59.2,"H","Chondrite","Stony","Ordinary","H",11,0.00485781484723708
"1019",6918,24334,"L6",36000,"Fell",1960,-27.75,115.83333,"L","Chondrite","Stony","Ordinary","L",13,0.428663281861922
"487",4481,12384,"L6",45000,"Fell",1914,10.83333,76.03333,"L","Chondrite","Stony","Ordinary","L",16,1.82339952891488
"907",6409,23724,"Iron, IIIAB",325000,"Fell",1990,53.66667,55.98333,"Iron IIIAB","Achondrite","Iron","Magmatic","Siderite",11,0.00485781484723708
"562",4749,15424,"L6",28400,"Fell",1847,41.9,-91.6,"L","Chondrite","Stony","Ordinary","L",10,0.461815233876118
"341",3605,11450,"H5",5700,"Fell",1904,42.9,24.7,"H","Chondrite","Stony","Ordinary","H",10,0.461815233876118
"346",3623,11468,"H?",0.2,"Fell",1817,35.65,139.33333,"H","Chondrite","Stony","Ordinary","H",11,0.00485781484723708
"417",4330,12222,"H5",230,"Fell",1838,27.25,79.96667,"H","Chondrite","Stony","Ordinary","H",1,0.297273742080897
"1080",7963,47351,"Iron, IIE-an",6800,"Fell",2006,25.14333,75.81333,"Iron IIE","Achondrite","Iron","Magmatic","Siderite",11,0.00485781484723708
"169",921,5314,"H6",0.5,"Fell",1814,25.36667,81.66667,"H","Chondrite","Stony","Ordinary","H",1,0.297273742080897
"525",4633,14678,"Howardite",40000,"Fell",1994,26.96556,72.62667,"Howardite","Achondrite","Stony","Asteroidal","H-E-D Vesta",11,0.00485781484723708
"832",5839,23091,"LL3.3",24.3,"Fell",1919,38.16667,-76.38333,"LL","Chondrite","Stony","Ordinary","LL",0,71.3451083182367
"728",5404,18110,"Eucrite-pmict",5100,"Fell",1933,36.21667,-103.4,"Eucrite","Achondrite","Stony","Asteroidal","H-E-D Vesta",13,0.428663281861922
"142",792,5169,"H5",120000,"Fell",1919,5,48,"H","Chondrite","Stony","Ordinary","H",0,71.3451083182367
"1106",8893,53502,"H5",18.41,"Fell",2007,38.13742,-119.75812,"H","Chondrite","Stony","Ordinary","H",11,0.00485781484723708
"781",5539,22357,"H6",7000,"Fell",1925,-30.11667,28.7,"H","Chondrite","Stony","Ordinary","H",2,0.463225690897741
"707",5352,18050,"LL6",1215.5,"Fell",1986,30.18,-6.57717,"LL","Chondrite","Stony","Ordinary","LL",14,0.498018659921233
"547",4716,15387,"H3-5",666.6,"Fell",1990,-19.48333,31.65,"H","Chondrite","Stony","Ordinary","H",11,0.00485781484723708
"862",6198,23481,"H5",1590,"Fell",1939,-7.23333,107.33333,"H","Chondrite","Stony","Ordinary","H",1,0.297273742080897
"447",4390,12288,"EL6",13600,"Fell",1873,29.53333,72.3,"EL","Chondrite","Stony","Enstatite","EH-EL",14,0.498018659921233
"145",801,5178,"L6",5000,"Fell",1863,46.45,25.78333,"L","Chondrite","Stony","Ordinary","L",10,0.461815233876118
"771",5513,18879,"LL",665,"Fell",1933,31.41667,118.5,"LL","Chondrite","Stony","Ordinary","LL",1,0.297273742080897
"836",5847,23099,"H4",4960,"Fell",1962,50.76667,3,"H","Chondrite","Stony","Ordinary","H",1,0.297273742080897
"94",645,5011,"LL4",3700,"Fell",1798,25.36667,82.91667,"LL","Chondrite","Stony","Ordinary","LL",1,0.297273742080897
"72",588,4935,"LL6",11500,"Fell",1871,-6.91667,107.6,"LL","Chondrite","Stony","Ordinary","LL",1,0.297273742080897
"807",5644,22597,"L6",668,"Fell",1903,35.03333,-83.03333,"L","Chondrite","Stony","Ordinary","L",11,0.00485781484723708
"425",4346,12238,"L6",2770,"Fell",1942,26.03333,81.46667,"L","Chondrite","Stony","Ordinary","L",1,0.297273742080897
"571",4771,15451,"Aubrite",4850,"Fell",1974,8.96667,12.08333,"Aubrite","Achondrite","Stony","Asteroidal",NA,2,0.463225690897741
"329",3581,11426,"H4",1000,"Fell",1841,51.93333,15.5,"H","Chondrite","Stony","Ordinary","H",10,0.461815233876118
"112",677,5045,"Diogenite",25000,"Fell",1999,12.45,-0.08333,"Diogenite","Achondrite","Stony","Asteroidal","H-E-D Vesta",11,0.00485781484723708
"623",4906,16762,"H4",9150,"Fell",1868,45.2,8.5,"H","Chondrite","Stony","Ordinary","H",1,0.297273742080897
"591",4822,16634,"CM2",8000,"Fell",1889,48.06667,30.96667,"CM","Chondrite","Stony","Carbonaceous","CM-CO",10,0.461815233876118
"1098",8207,50909,"L6",4000,"Fell",2008,-31.535556,-68.489444,"L","Chondrite","Stony","Ordinary","L",11,0.00485781484723708
"1061",7372,34063,"LL6",460,"Fell",1968,19.76667,-100.65,"LL","Chondrite","Stony","Ordinary","LL",1,0.297273742080897
"90",629,4986,"H5",14000,"Fell",1893,51.16667,-117.33333,"H","Chondrite","Stony","Ordinary","H",7,10.085732473545
"945",6639,24019,"LL6",600,"Fell",1905,47.85,34.76667,"LL","Chondrite","Stony","Ordinary","LL",1,0.297273742080897
"881",6299,23583,"H6",5000,"Fell",1912,33.71667,74.83333,"H","Chondrite","Stony","Ordinary","H",11,0.00485781484723708
"783",5542,22360,"Iron, IAB-ung",10750,"Fell",1898,39,-0.66667,"Iron IAB","Achondrite","Iron","Non-magmatic","Primative",1,0.297273742080897
"692",5309,17998,"H5",194,"Fell",1958,36.18333,139.21667,"H","Chondrite","Stony","Ordinary","H",11,0.00485781484723708
"64",564,4910,"L4",134,"Fell",1968,2.71667,32.83333,"L","Chondrite","Stony","Ordinary","L",16,1.82339952891488
"136",760,5133,"Iron, IIAB",39000,"Fell",1847,50.6,16.3,"Iron IIAB","Achondrite","Iron","Magmatic","Siderite",10,0.461815233876118
"765",5491,18853,"L5",3000,"Fell",1819,50.93333,12.13333,"L","Chondrite","Stony","Ordinary","L",1,0.297273742080897
"437",4368,12263,"L6",2950,"Fell",1955,31.58333,71.6,"L","Chondrite","Stony","Ordinary","L",1,0.297273742080897
"263",3313,10019,"Diogenite",1470,"Fell",1925,51.75,4,"Diogenite","Achondrite","Stony","Asteroidal","H-E-D Vesta",1,0.297273742080897
"688",5305,17994,"H6",14360,"Fell",1741,33.28333,130.2,"H","Chondrite","Stony","Ordinary","H",11,0.00485781484723708
"716",5372,18074,"L5",1430,"Fell",1988,-23.11667,-65.1,"L","Chondrite","Stony","Ordinary","L",2,0.463225690897741
"566",4760,15436,"L6",1443,"Fell",1983,35.8,-84.1,"L","Chondrite","Stony","Ordinary","L",1,0.297273742080897
"867",6217,23500,"H6",20000,"Fell",1966,21.68389,79.50083,"H","Chondrite","Stony","Ordinary","H",16,1.82339952891488
"580",4803,15486,"L5",28.9,"Fell",1903,46.81867,7.21817,"L","Chondrite","Stony","Ordinary","L",2,0.463225690897741
"543",4710,15380,"L6",400,"Fell",1935,-7.75,111.53333,"L","Chondrite","Stony","Ordinary","L",1,0.297273742080897
"335",3594,11439,"H6",39000,"Fell",1892,38.73333,-6.01667,"H","Chondrite","Stony","Ordinary","H",2,0.463225690897741
"496",4528,12434,"L6",37000,"Fell",1803,48.76667,0.63333,"L","Chondrite","Stony","Ordinary","L",11,0.00485781484723708
"652",5033,16935,"Iron, ungrouped",4500,"Fell",1870,18.68333,83.48333,"Iron","Achondrite","Iron",NA,NA,1,0.297273742080897
"595",4835,16643,"Eucrite-mmict",330000,"Fell",1960,-26.45,120.36667,"Eucrite","Achondrite","Stony","Asteroidal","H-E-D Vesta",2,0.463225690897741
"933",6588,23897,"L6",160000,"Fell",1879,-25.73333,142.95,"L","Chondrite","Stony","Ordinary","L",13,0.428663281861922
"376",4135,11989,"EL6",14000,"Fell",1901,61.18333,22.68333,"EL","Chondrite","Stony","Enstatite","EH-EL",10,0.461815233876118
"500",4550,12456,"H6",7000,"Fell",1897,43.75,5.11667,"H","Chondrite","Stony","Ordinary","H",12,0.49799067553469
"206",1092,5496,"Aubrite",17000,"Fell",1919,36.83333,-84.35,"Aubrite","Achondrite","Stony","Asteroidal",NA,11,0.00485781484723708
"974",6714,24106,"EL6",189.2,"Fell",1957,-4.26667,35.35,"EL","Chondrite","Stony","Enstatite","EH-EL",16,1.82339952891488
"539",4705,15370,"H5",1500,"Fell",1836,-5.2,-36.66667,"H","Chondrite","Stony","Ordinary","H",15,0.406210536590808
"984",6747,24140,"L",20000,"Fell",1948,-44.11667,-66.15,"L","Chondrite","Stony","Ordinary","L",13,0.428663281861922
"313",3498,10870,"H5",725,"Fell",1950,12.91667,11.91667,"H","Chondrite","Stony","Ordinary","H",2,0.463225690897741
"873",6229,23512,"L6",7000,"Fell",1989,34.75,10.71667,"L","Chondrite","Stony","Ordinary","L",13,0.428663281861922
"264",3325,10033,"Eucrite-mmict",127,"Fell",1900,-29.46667,151.61667,"Eucrite","Achondrite","Stony","Asteroidal","H-E-D Vesta",2,0.463225690897741
"286",3395,10119,"H5",152000,"Fell",1890,43.25,-93.66667,"H","Chondrite","Stony","Ordinary","H",2,0.463225690897741
"300",3475,10850,"H4",5000,"Fell",1995,51.68333,30.78333,"H","Chondrite","Stony","Ordinary","H",11,0.00485781484723708
"1075",7956,47347,"H5",1e+05,"Fell",2007,23.69639,-5.01472,"H","Chondrite","Stony","Ordinary","H",11,0.00485781484723708
"683",5287,17970,"LL5",1100,"Fell",1914,47.55,22.025,"LL","Chondrite","Stony","Ordinary","LL",1,0.297273742080897
"201",1065,5465,"L6",1460,"Fell",1917,10.2,76.26667,"L","Chondrite","Stony","Ordinary","L",16,1.82339952891488
"795",5576,22394,"L6",4910,"Fell",1919,38.2,115.7,"L","Chondrite","Stony","Ordinary","L",1,0.297273742080897
"578",4789,15470,"H5",24750,"Fell",1915,-6.23333,106.88333,"H","Chondrite","Stony","Ordinary","H",1,0.297273742080897
"874",6238,23521,"Diogenite",4000,"Fell",1850,23.1,87.3,"Diogenite","Achondrite","Stony","Asteroidal","H-E-D Vesta",1,0.297273742080897
"638",4995,16893,"L5",6100,"Fell",1895,49.16667,19.5,"L","Chondrite","Stony","Ordinary","L",10,0.461815233876118
"428",4351,12243,"L6",299,"Fell",1959,31.6,65.78333,"L","Chondrite","Stony","Ordinary","L",2,0.463225690897741
"994",6778,24165,"H5",8000,"Fell",1843,48.41667,43.2,"H","Chondrite","Stony","Ordinary","H",13,0.428663281861922
"589",4819,16631,"H5",1100,"Fell",1980,34.8,111.7,"H","Chondrite","Stony","Ordinary","H",1,0.297273742080897
"78",598,4946,"Mesosiderite-A1",3200,"Fell",1842,42.38333,-2.5,"Mesosiderite","Achondrite","Stony-Iron","Mesosiderite",NA,2,0.463225690897741
"693",5311,18000,"Iron, IIAB",4742,"Fell",1904,35.08333,135.2,"Iron IIAB","Achondrite","Iron","Magmatic","Siderite",11,0.00485781484723708
"166",916,5307,"H5",45.6,"Fell",1956,43.2,-96.91667,"H","Chondrite","Stony","Ordinary","H",1,0.297273742080897
"321",3527,10936,"H5",1750,"Fell",1879,50.66667,16.76667,"H","Chondrite","Stony","Ordinary","H",1,0.297273742080897
"607",4862,16715,"H5",144000,"Fell",1858,38.11667,-1.16667,"H","Chondrite","Stony","Ordinary","H",15,0.406210536590808
"482",4476,12377,"L6",2e+05,"Fell",1949,55.78333,61.36667,"L","Chondrite","Stony","Ordinary","L",9,2.84735119047619
"843",5860,23115,"Iron, IIIAB",2462,"Fell",1921,25.66667,74.86667,"Iron IIIAB","Achondrite","Iron","Magmatic","Siderite",2,0.463225690897741
"144",800,5177,"L6",25000,"Fell",1946,40.2,29.23333,"L","Chondrite","Stony","Ordinary","L",1,0.297273742080897
"32",475,2290,"H5",6400,"Fell",1895,27.66667,78.25,"H","Chondrite","Stony","Ordinary","H",1,0.297273742080897
"604",4856,16709,"L5-6",3e+05,"Fell",1882,46.8,24.03333,"L","Chondrite","Stony","Ordinary","L",1,0.297273742080897
"536",4697,14757,"H3-5",14000,"Fell",1753,46.21667,5,"H","Chondrite","Stony","Ordinary","H",2,0.463225690897741
"93",643,5009,"OC",367,"Fell",1937,-32.33333,-64.86667,"Chondrite","Chondrite","Stony",NA,NA,2,0.463225690897741
"150",809,5187,"OC",212,"Fell",1919,43.83889,20.33333,"Chondrite","Chondrite","Stony",NA,NA,10,0.461815233876118
"642",5005,16903,"L6",52900,"Fell",1917,35.66667,103.5,"L","Chondrite","Stony","Ordinary","L",11,0.00485781484723708
"193",966,5364,"L5",1600,"Fell",1979,-6.95,108.1,"L","Chondrite","Stony","Ordinary","L",1,0.297273742080897
"676",5268,17934,"Stone-uncl",367,"Fell",1662,58.55,31.33333,"Stony",NA,"Stony",NA,NA,10,0.461815233876118
"259",3294,7819,"L6",5000,"Fell",1993,19.96722,-103.05167,"L","Chondrite","Stony","Ordinary","L",11,0.00485781484723708
"282",3375,10088,"OC",220,"Fell",1889,36.1,-81.41667,"Chondrite","Chondrite","Stony",NA,NA,11,0.00485781484723708
"554",4729,15402,"LL6",1700,"Fell",1863,23.05,86.7,"LL","Chondrite","Stony","Ordinary","LL",1,0.297273742080897
"243",3219,7736,"L3-6",1900,"Fell",1951,42.45833,18.44167,"L","Chondrite","Stony","Ordinary","L",0,71.3451083182367
"740",5423,18782,"H6",12570,"Fell",1992,41.28333,-73.91667,"H","Chondrite","Stony","Ordinary","H",11,0.00485781484723708
"972",6711,24103,"LL7",710,"Fell",1840,51.65,5.61667,"LL","Chondrite","Stony","Ordinary","LL",2,0.463225690897741
"928",6552,23873,"L5",3850,"Fell",1965,45.4,122.9,"L","Chondrite","Stony","Ordinary","L",2,0.463225690897741
"898",6373,23661,"LL4",80000,"Fell",1877,43.66667,21.86667,"LL","Chondrite","Stony","Ordinary","LL",1,0.297273742080897
"621",4891,16747,"H5",1300,"Fell",1875,44.6,5.13333,"H","Chondrite","Stony","Ordinary","H",11,0.00485781484723708
"950",6648,24029,"H6",977,"Fell",1988,45.06667,7.66667,"H","Chondrite","Stony","Ordinary","H",1,0.297273742080897
"495",4527,12433,"Ureilite",900,"Fell",1955,26.78333,82.71667,"Ureilite","Achondrite","Stony","Primitive or asteroidal",NA,1,0.297273742080897
"1014",6907,24321,"H5",22,"Fell",1918,-26,30,"H","Chondrite","Stony","Ordinary","H",2,0.463225690897741
"548",4721,15393,"OC",150,"Fell",1933,32.21667,-104,"Chondrite","Chondrite","Stony",NA,NA,2,0.463225690897741
"378",4137,11993,"Eucrite-mmict",2500,"Fell",1957,-20,-45,"Eucrite","Achondrite","Stony","Asteroidal","H-E-D Vesta",1,0.297273742080897
"754",5452,18813,"LL3.4",13.1,"Fell",1968,44.24417,11.50222,"LL","Chondrite","Stony","Ordinary","LL",1,0.297273742080897
"631",4978,16875,"CM2",1e+05,"Fell",1969,-36.61667,145.2,"CM","Chondrite","Stony","Carbonaceous","CM-CO",1,0.297273742080897
"309",3488,10860,"Iron, IIE",380,"Fell",1917,27.88333,68.53333,"Iron IIE","Achondrite","Iron","Non-magmatic","Primative",2,0.463225690897741
"153",866,5250,"L6",4000,"Fell",1964,39.8,26.6,"L","Chondrite","Stony","Ordinary","L",13,0.428663281861922
"766",5496,18858,"H5",350,"Fell",1866,26.71667,82.66667,"H","Chondrite","Stony","Ordinary","H",1,0.297273742080897
"241",3211,7728,"L6",5000,"Fell",1827,36.4,-86.5,"L","Chondrite","Stony","Ordinary","L",11,0.00485781484723708
"314",3509,10914,"L6",14290,"Fell",1909,35.53333,136.88333,"L","Chondrite","Stony","Ordinary","L",11,0.00485781484723708
"92",639,5005,"C2-ung",375,"Fell",1961,33.6,-96.46667,"Chondrite","Chondrite","Stony","Carbonaceous",NA,2,0.463225690897741
"323",3540,10949,"H3.7",3618,"Fell",1974,48.28333,38.08333,"H","Chondrite","Stony","Ordinary","H",11,0.00485781484723708
"915",6422,23737,"L6",815.3,"Fell",1969,50.53806,16.26333,"L","Chondrite","Stony","Ordinary","L",10,0.461815233876118
"254",3250,7774,"H5",2400,"Fell",1961,-17.3,15.83333,"H","Chondrite","Stony","Ordinary","H",2,0.463225690897741
"432",4358,12253,"L6",3500,"Fell",1937,42.45,73.36667,"L","Chondrite","Stony","Ordinary","L",8,9.36101905684755
"95",651,5018,"L6",19000,"Fell",2001,32.86667,10.8,"L","Chondrite","Stony","Ordinary","L",11,0.00485781484723708
"411",4320,12210,"L6",950,"Fell",1976,35.2,118.8,"L","Chondrite","Stony","Ordinary","L",1,0.297273742080897
"121",701,5071,"L6",5100,"Fell",1909,31.83333,-98.83333,"L","Chondrite","Stony","Ordinary","L",2,0.463225690897741
"1023",6929,24345,"L/LL6-an",5900,"Fell",1980,44.66667,117.5,"LL","Chondrite","Stony","Ordinary","LL",13,0.428663281861922
"1036",6966,30379,"L6",3867,"Fell",1818,50.28333,27.68333,"L","Chondrite","Stony","Ordinary","L",10,0.461815233876118
"620",4886,16742,"H5",633,"Fell",2000,49.6,18.53333,"H","Chondrite","Stony","Ordinary","H",11,0.00485781484723708
"353",3992,11842,"L6",680,"Fell",1859,38.25,-86.16667,"L","Chondrite","Stony","Ordinary","L",2,0.463225690897741
"154",867,5251,"H4",945,"Fell",1861,41.25,1.66667,"H","Chondrite","Stony","Ordinary","H",1,0.297273742080897
"953",6655,24037,"OC",2000,"Fell",1824,51.73333,102.53333,"Chondrite","Chondrite","Stony",NA,NA,8,9.36101905684755
"1024",6930,24346,"H6",75500,"Fell",1977,32.33333,114.31667,"H","Chondrite","Stony","Ordinary","H",1,0.297273742080897
"851",5909,23187,"H",695,"Fell",1688,34.71667,137.78333,"H","Chondrite","Stony","Ordinary","H",0,71.3451083182367
"6",374,379,"EH4",4239,"Fell",1919,32.1,71.8,"EH","Chondrite","Stony","Enstatite","EH-EL",2,0.463225690897741
"198",1002,5403,"H5",5000,"Fell",1890,42.53333,12.61667,"H","Chondrite","Stony","Ordinary","H",11,0.00485781484723708
"290",3440,10164,"L6",16300,"Fell",1829,33.01667,-83.96667,"L","Chondrite","Stony","Ordinary","L",12,0.49799067553469
"1093",8133,48951,"LL6",110000,"Fell",2008,12.66667,78.03333,"LL","Chondrite","Stony","Ordinary","LL",11,0.00485781484723708
"419",4336,12228,"CR2",2000,"Fell",1980,15,48.3,"CR","Chondrite","Stony","Carbonaceous","CR",14,0.498018659921233
"736",5417,18177,"Howardite",2000,"Fell",1882,52.03333,43,"Howardite","Achondrite","Stony","Asteroidal","H-E-D Vesta",2,0.463225690897741
"291",3442,10166,"Stone-uncl",367,"Fell",1944,28.25,7,"Stony",NA,"Stony",NA,NA,14,0.498018659921233
"54",544,4884,"L6",94.2,"Fell",1896,20.06667,-103.66667,"L","Chondrite","Stony","Ordinary","L",16,1.82339952891488
"702",5338,18033,"Stone-uncl",4500,"Fell",1671,48.5,8,"Stony",NA,"Stony",NA,NA,10,0.461815233876118
"96",654,5021,"H6",1770.5,"Fell",1938,39.08333,-89.15,"H","Chondrite","Stony","Ordinary","H",2,0.463225690897741
"645",5009,16908,"H6",17000,"Fell",1928,19.25,77,"H","Chondrite","Stony","Ordinary","H",1,0.297273742080897
"398",4208,12074,"L6",20500,"Fell",1979,39.7,105.8,"L","Chondrite","Stony","Ordinary","L",13,0.428663281861922
"227",3180,7649,"H4",400,"Fell",1957,-31.88333,-60.46667,"H","Chondrite","Stony","Ordinary","H",2,0.463225690897741
"901",6380,23668,"L6",36900,"Fell",1993,45.25,125,"L","Chondrite","Stony","Ordinary","L",11,0.00485781484723708
"242",3214,7731,"H6",47700,"Fell",1939,42.52,-82.26,"H","Chondrite","Stony","Ordinary","H",1,0.297273742080897
"1048",6991,30407,"H6",107000,"Fell",1938,47.58333,37.25,"H","Chondrite","Stony","Ordinary","H",11,0.00485781484723708
"60",559,4903,"L5",50000,"Fell",1858,43.08333,0.58333,"L","Chondrite","Stony","Ordinary","L",1,0.297273742080897
"68",579,4925,"L4",3700,"Fell",1929,35.96667,-82.48333,"L","Chondrite","Stony","Ordinary","L",11,0.00485781484723708
"914",6421,23736,"L6",3500,"Fell",1924,36.48333,-90.66667,"L","Chondrite","Stony","Ordinary","L",1,0.297273742080897
"680",5276,17959,"H6",5000,"Fell",1851,41.63333,0.75,"H","Chondrite","Stony","Ordinary","H",2,0.463225690897741
"792",5569,22387,"H4",290.4,"Fell",1917,23.98333,87.08333,"H","Chondrite","Stony","Ordinary","H",1,0.297273742080897
"246",3231,7749,"Stone-uncl",367,"Fell",1976,43.33333,128.25,"Stony",NA,"Stony",NA,NA,2,0.463225690897741
"991",6761,24154,"LL6",1932,"Fell",1876,46.15,32.83333,"LL","Chondrite","Stony","Ordinary","LL",0,71.3451083182367
"859",6189,23472,"H5",5400,"Fell",1871,44.36667,-69.2,"H","Chondrite","Stony","Ordinary","H",10,0.461815233876118
"897",6372,23660,"OC",72.9,"Fell",1960,27.13333,84.06667,"Chondrite","Chondrite","Stony",NA,NA,16,1.82339952891488
"610",4867,16720,"H4",8600,"Fell",1849,35.25,-80.5,"H","Chondrite","Stony","Ordinary","H",12,0.49799067553469
"203",1071,5474,"H5",3650,"Fell",1877,-27.7,27.3,"H","Chondrite","Stony","Ordinary","H",2,0.463225690897741
"572",4773,15453,"Iron, IAB-sLL",4000,"Fell",1885,24.68333,-101.68333,"Iron IAB","Achondrite","Iron","Non-magmatic","Primative",15,0.406210536590808
"508",4573,12749,"Howardite",780,"Fell",1845,48.53333,-0.86667,"Howardite","Achondrite","Stony","Asteroidal","H-E-D Vesta",1,0.297273742080897
"518",4611,14652,"H5",50000,"Fell",1813,52.56667,-8.78333,"H","Chondrite","Stony","Ordinary","H",2,0.463225690897741
"999",6793,24181,"Stone-uncl",367,"Fell",1925,-25.83333,-56.5,"Stony",NA,"Stony",NA,NA,18,10.7446597222222
"10",409,417,"L",1440,"Fell",1920,-30.86667,-64.55,"L","Chondrite","Stony","Ordinary","L",2,0.463225690897741
"284",3383,10107,"L6",17600,"Fell",1894,47.81667,-96.85,"L","Chondrite","Stony","Ordinary","L",9,2.84735119047619
"157",875,5260,"H6",2300,"Fell",1846,37.26667,-89.58333,"H","Chondrite","Stony","Ordinary","H",11,0.00485781484723708
"192",961,5357,"L6",4000,"Fell",1978,47.47083,0.97667,"L","Chondrite","Stony","Ordinary","L",1,0.297273742080897
"980",6736,24129,"Stone-uncl",1500,"Fell",1926,34.48333,133.28333,"Stony",NA,"Stony",NA,NA,0,71.3451083182367
"468",4430,12335,"L/LL5",5e+05,"Fell",1866,48.9,22.4,"LL","Chondrite","Stony","Ordinary","LL",10,0.461815233876118
"352",3980,11830,"L6",8360,"Fell",1961,32.675,-94.51167,"L","Chondrite","Stony","Ordinary","L",1,0.297273742080897
"863",6200,23483,"H5",150,"Fell",1947,22.83333,4.98333,"H","Chondrite","Stony","Ordinary","H",14,0.498018659921233
"542",4709,15379,"L",1000,"Fell",1950,25.91667,86.36667,"L","Chondrite","Stony","Ordinary","L",1,0.297273742080897
"911",6414,23729,"L6",13400,"Fell",1917,56.58333,-3.25,"L","Chondrite","Stony","Ordinary","L",2,0.463225690897741
"930",6570,23885,"L6",2500,"Fell",1967,19.38333,43.73333,"L","Chondrite","Stony","Ordinary","L",2,0.463225690897741
"124",719,5090,"LL3.9",7500,"Fell",1977,33.83333,115.83333,"LL","Chondrite","Stony","Ordinary","LL",1,0.297273742080897
"478",4468,12368,"L6",2250,"Fell",1938,51.15,31.7,"L","Chondrite","Stony","Ordinary","L",10,0.461815233876118
"84",616,4957,"L5",15500,"Fell",1994,52.03333,20.93583,"L","Chondrite","Stony","Ordinary","L",11,0.00485781484723708
"1049",6992,30408,"H5",2900,"Fell",1976,39.66667,122.98333,"H","Chondrite","Stony","Ordinary","H",2,0.463225690897741
"855",6177,23455,"L5",412,"Fell",1934,49.23333,17.56667,"L","Chondrite","Stony","Ordinary","L",1,0.297273742080897
"258",3283,7807,"L6",10000,"Fell",1989,34.41667,3.25,"L","Chondrite","Stony","Ordinary","L",2,0.463225690897741
"512",4583,12760,"H5",877,"Fell",1907,34.58333,-87.5,"H","Chondrite","Stony","Ordinary","H",2,0.463225690897741
"956",6662,24046,"H3/4",11800,"Fell",1856,45.46667,10,"H","Chondrite","Stony","Ordinary","H",1,0.297273742080897
"743",5433,18793,"L6",23474,"Fell",1935,23.325,91,"L","Chondrite","Stony","Ordinary","L",1,0.297273742080897
"1119",9797,57167,"L6",3599,"Fell",2011,17.17493,-11.34133,"L","Chondrite","Stony","Ordinary","L",11,0.00485781484723708
"86",619,4975,"L6",86000,"Fell",1902,38.25,-83.75,"L","Chondrite","Stony","Ordinary","L",11,0.00485781484723708
"579",4802,15485,"H4",10500,"Fell",1862,53.18333,13.15,"H","Chondrite","Stony","Ordinary","H",11,0.00485781484723708
"1113",9087,54823,"Martian (shergottite)",7000,"Fell",2011,29.48195,-7.61123,"Shergottite","Achondrite","Stony","Martian","SNC",11,0.00485781484723708
"712",5367,18068,"L6",3400,"Fell",1881,21.05,-99.3,"L","Chondrite","Stony","Ordinary","L",2,0.463225690897741
"386",4177,12037,"L6",3000,"Fell",1963,41,112,"L","Chondrite","Stony","Ordinary","L",2,0.463225690897741
"249",3235,7754,"L6",2117,"Fell",1943,33.43333,127.26667,"L","Chondrite","Stony","Ordinary","L",0,71.3451083182367
"760",5473,18835,"H6",1161,"Fell",1884,29.58333,76,"H","Chondrite","Stony","Ordinary","H",1,0.297273742080897
"1020",6921,24337,"L5",1551,"Fell",1997,42.38467,-83.6115,"L","Chondrite","Stony","Ordinary","L",11,0.00485781484723708
"529",4660,14718,"Mesosiderite-A3",59000,"Fell",1935,52,19.91667,"Mesosiderite","Achondrite","Stony-Iron","Mesosiderite",NA,1,0.297273742080897
"362",4026,11878,"H5",20000,"Fell",1869,59.85,17.66667,"H","Chondrite","Stony","Ordinary","H",1,0.297273742080897
"982",6742,24135,"L6",9700,"Fell",1843,52.11667,5.18333,"L","Chondrite","Stony","Ordinary","L",1,0.297273742080897
"127",727,5098,"Iron, IIAB",256000,"Fell",1916,44.55,131.63333,"Iron IIAB","Achondrite","Iron","Magmatic","Siderite",9,2.84735119047619
"30",466,2278,"CV3",2e+06,"Fell",1969,26.96667,-105.31667,"CV","Chondrite","Stony","Carbonaceous","CV-CK",2,0.463225690897741
"1087",7974,47361,"H4/5",70500,"Fell",2007,27.66667,95.78333,"H","Chondrite","Stony","Ordinary","H",11,0.00485781484723708
"434",4363,12258,"LL6",2220,"Fell",1963,-3.5,35.58333,"LL","Chondrite","Stony","Ordinary","LL",16,1.82339952891488
"796",5577,22395,"H6",6.1,"Fell",1961,26.66667,50.15,"H","Chondrite","Stony","Ordinary","H",0,71.3451083182367
"460",4407,12307,"LL6",19000,"Fell",2002,12.76667,9.8,"LL","Chondrite","Stony","Ordinary","LL",11,0.00485781484723708
"159",879,5265,"LL6",8,"Fell",1902,38.5,27,"LL","Chondrite","Stony","Ordinary","LL",15,0.406210536590808
"684",5295,17979,"H4",5e+05,"Fell",1887,57.78333,55.26667,"H","Chondrite","Stony","Ordinary","H",10,0.461815233876118
"891",6331,23616,"H5",1600,"Fell",1875,20.91667,82.58333,"H","Chondrite","Stony","Ordinary","H",16,1.82339952891488
"126",726,5097,"Iron, IAB-MG",8800,"Fell",1962,12.5,0.7,"Iron IAB","Achondrite","Iron","Non-magmatic","Primative",15,0.406210536590808
"212",2174,6603,"H5",100,"Fell",1804,49.86667,8.65,"H","Chondrite","Stony","Ordinary","H",11,0.00485781484723708
"307",3486,10860,"Iron, IIE",380,"Fell",1917,27.88333,68.53333,"Iron IIE","Achondrite","Iron","Magmatic","Siderite",2,0.463225690897741
"962",6673,24060,"L6",13100,"Fell",1921,9.66667,105.66667,"L","Chondrite","Stony","Ordinary","L",1,0.297273742080897
"407",4313,12202,"Eucrite-mmict",5000,"Fell",1819,45.43333,-0.45,"Eucrite","Achondrite","Stony","Asteroidal","H-E-D Vesta",1,0.297273742080897
"946",6640,24020,"H6",900,"Fell",1879,20.16667,-105.21667,"H","Chondrite","Stony","Ordinary","H",16,1.82339952891488
"1084",7967,47351,"Iron, IIE-an",6800,"Fell",2006,25.14333,75.81333,"Iron IIE","Achondrite","Iron","Non-magmatic","Primative",11,0.00485781484723708
"936",6600,23976,"H4/5",45300,"Fell",2002,-29.33333,27.58333,"H","Chondrite","Stony","Ordinary","H",11,0.00485781484723708
"854",5914,23192,"CM2",430,"Fell",1986,35.86667,139.4,"CM","Chondrite","Stony","Carbonaceous","CM-CO",11,0.00485781484723708
"864",6204,23487,"LL3.00",691,"Fell",1940,22.25,79,"LL","Chondrite","Stony","Ordinary","LL",16,1.82339952891488
"103",666,5032,"H",13.9,"Fell",1859,42.53333,-73.83333,"H","Chondrite","Stony","Ordinary","H",1,0.297273742080897
"798",5580,22398,"Stone-uncl",910,"Fell",1880,52.2,17.98333,"Stony",NA,"Stony",NA,NA,1,0.297273742080897
"839",5850,23103,"Iron",4180,"Fell",1913,35.66667,136.3,"Iron","Achondrite","Iron",NA,NA,11,0.00485781484723708
"51",533,2346,"L6",1300,"Fell",1923,52.05,0.3,"L","Chondrite","Stony","Ordinary","L",2,0.463225690897741
"139",766,5140,"Eucrite-pmict",219,"Fell",1933,52.13333,59.31667,"Eucrite","Achondrite","Stony","Asteroidal","H-E-D Vesta",2,0.463225690897741
"544",4712,15382,"L6",400,"Fell",1896,40.41667,-3.71667,"L","Chondrite","Stony","Ordinary","L",1,0.297273742080897
"1053",6999,30415,"H6",2568,"Fell",1955,50.2,30.25,"H","Chondrite","Stony","Ordinary","H",10,0.461815233876118
"1068",7763,44882,"L6",4162,"Fell",1984,12.85,11.03333,"L","Chondrite","Stony","Ordinary","L",2,0.463225690897741
"932",6573,23888,"L6",21000,"Fell",1937,46.71667,23.5,"L","Chondrite","Stony","Ordinary","L",1,0.297273742080897
"847",5887,23164,"CM2",60,"Fell",1939,24.16667,-99.33333,"CM","Chondrite","Stony","Carbonaceous","CM-CO",2,0.463225690897741
"996",6782,24169,"Eucrite-mmict",750,"Fell",1949,57.8,45.8,"Eucrite","Achondrite","Stony","Asteroidal","H-E-D Vesta",1,0.297273742080897
"865",6212,23495,"H4",4000,"Fell",1773,41.71667,-0.05,"H","Chondrite","Stony","Ordinary","H",15,0.406210536590808
"463",4416,12316,"H6",67.4,"Fell",1967,11.63333,24.68333,"H","Chondrite","Stony","Ordinary","H",2,0.463225690897741
"211",1109,5514,"L6",2000,"Fell",1868,34.4,-87.06667,"L","Chondrite","Stony","Ordinary","L",12,0.49799067553469
"764",5489,18851,"L6",96,"Fell",1868,11.58333,104.91667,"L","Chondrite","Stony","Ordinary","L",1,0.297273742080897
"704",5344,18042,"L6",246,"Fell",1928,58.88333,9.4,"L","Chondrite","Stony","Ordinary","L",10,0.461815233876118
"616",4880,16736,"Eucrite-cm",1880,"Fell",1913,35.41667,-79.38333,"Eucrite","Achondrite","Stony","Asteroidal","H-E-D Vesta",2,0.463225690897741
"240",3209,7725,"Stone-uncl",642,"Fell",1976,-13.66667,33.91667,"Stony",NA,"Stony",NA,NA,1,0.297273742080897
"50",532,2346,"L6",1300,"Fell",1923,52.05,0.3,"L","Chondrite","Stony","Ordinary","L",2,0.463225690897741
"691",5308,17997,"L6",5850,"Fell",1926,38.18333,-5.4,"L","Chondrite","Stony","Ordinary","L",15,0.406210536590808
"414",4326,12218,"CV3",3000,"Fell",1857,47.35,21.3,"CV","Chondrite","Stony","Carbonaceous","CV-CK",1,0.297273742080897
"675",5267,17933,"Ureilite",1900,"Fell",1886,54.81667,46,"Ureilite","Achondrite","Stony","Primitive or asteroidal",NA,1,0.297273742080897
"877",6247,23530,"Martian (shergottite)",5000,"Fell",1865,24.55,84.83333,"Shergottite","Achondrite","Stony","Martian","SNC",1,0.297273742080897
"665",5076,16981,"C3-ung",4610,"Fell",1983,32.925,105.90667,"Chondrite","Chondrite","Stony","Carbonaceous",NA,2,0.463225690897741
"504",4559,12466,"H5",14250,"Fell",1987,33.13333,115.16667,"H","Chondrite","Stony","Ordinary","H",1,0.297273742080897
"791",5568,22386,"L6",4682,"Fell",1958,51.88333,6.93333,"L","Chondrite","Stony","Ordinary","L",1,0.297273742080897
"940",6622,23999,"L6",3000,"Fell",1970,14.25,1.53333,"L","Chondrite","Stony","Ordinary","L",15,0.406210536590808
"152",865,5249,"L5",23680,"Fell",1991,-7.03333,-40.16667,"L","Chondrite","Stony","Ordinary","L",11,0.00485781484723708
"257",3253,7777,"H6",840,"Fell",1916,28.26667,78.78333,"H","Chondrite","Stony","Ordinary","H",1,0.297273742080897
"973",6712,24104,"H5",3600,"Fell",1866,13.48333,74.78333,"H","Chondrite","Stony","Ordinary","H",0,71.3451083182367
"748",5441,18801,"Eucrite-pmict",1800,"Fell",1855,35.3,-86.63333,"Eucrite","Achondrite","Stony","Asteroidal","H-E-D Vesta",11,0.00485781484723708
"885",6310,23594,"H5",1710,"Fell",1995,20.93333,-101.38333,"H","Chondrite","Stony","Ordinary","H",11,0.00485781484723708
"377",4136,11992,"Diogenite",2000,"Fell",1870,52.28333,7.7,"Diogenite","Achondrite","Stony","Asteroidal","H-E-D Vesta",1,0.297273742080897
"718",5376,18079,"L3",135,"Fell",1926,39.8,-91.5,"L","Chondrite","Stony","Ordinary","L",2,0.463225690897741
"1015",6908,24322,"LL4",66,"Fell",1932,-28.66667,18.91667,"LL","Chondrite","Stony","Ordinary","LL",14,0.498018659921233
"113",682,5051,"H5",488.1,"Fell",1984,-33.15639,115.67639,"H","Chondrite","Stony","Ordinary","H",1,0.297273742080897
"61",560,4905,"H4",9330,"Fell",1952,-21.46028,-49.95083,"H","Chondrite","Stony","Ordinary","H",1,0.297273742080897
"17",423,433,"Iron, IVA",50000,"Fell",1981,39.91667,42.81667,"Iron IVA","Achondrite","Iron","Magmatic","Siderite",11,0.00485781484723708
"661",5069,16970,"Stone-uncl",367,"Fell",1750,49.03333,-1.43333,"Stony",NA,"Stony",NA,NA,1,0.297273742080897
"820",5813,22782,"R3.8-6",67,"Fell",1934,0.26667,36.53333,"Rumuruti","Chondrite","Stony","Other","Rumuruti",2,0.463225690897741
"455",4400,12300,"H6",1e+05,"Fell",1983,14,28,"H","Chondrite","Stony","Ordinary","H",2,0.463225690897741
"655",5052,16950,"EL6",6189,"Fell",2002,47.525,10.80833,"EL","Chondrite","Stony","Enstatite","EH-EL",11,0.00485781484723708
"62",561,4906,"Iron, IIAB",1230,"Fell",1908,46,13.5,"Iron IIAB","Achondrite","Iron","Magmatic","Siderite",1,0.297273742080897
"450",4395,12294,"L6",450,"Fell",1860,26.95,77.88333,"L","Chondrite","Stony","Ordinary","L",1,0.297273742080897
"75",591,4938,"CM2",629,"Fell",1933,-6.33333,106,"CM","Chondrite","Stony","Carbonaceous","CM-CO",1,0.297273742080897
"658",5062,16960,"H5",19256,"Fell",2003,29.94718,-90.10976,"H","Chondrite","Stony","Ordinary","H",11,0.00485781484723708
"255",3251,7775,"H5",3000,"Fell",1785,48.9,11.21667,"H","Chondrite","Stony","Ordinary","H",2,0.463225690897741
"713",5368,18069,"Eucrite-mmict",3858,"Fell",1929,55.66667,25,"Eucrite","Achondrite","Stony","Asteroidal","H-E-D Vesta",10,0.461815233876118
"828",5831,23083,"L6",700,"Fell",1855,51.05,3.75,"L","Chondrite","Stony","Ordinary","L",11,0.00485781484723708
"816",5674,22642,"Stone-uncl",2900,"Fell",1775,50.35,10.8,"Stony",NA,"Stony",NA,NA,10,0.461815233876118
"405",4309,12198,"Diogenite",40300,"Fell",1924,40.35,-104.9,"Diogenite","Achondrite","Stony","Asteroidal","H-E-D Vesta",1,0.297273742080897
"608",4864,16717,"Howardite",150,"Fell",1953,-31.25,26.46667,"Howardite","Achondrite","Stony","Asteroidal","H-E-D Vesta",2,0.463225690897741
"123",705,5076,"LL6",67.8,"Fell",1938,40.48,-89.00417,"LL","Chondrite","Stony","Ordinary","LL",1,0.297273742080897
"350",3974,11824,"Eucrite-mmict",1000,"Fell",1878,26.8,82.53333,"Eucrite","Achondrite","Stony","Asteroidal","H-E-D Vesta",1,0.297273742080897
"81",601,4949,"L6",4500,"Fell",1910,31.61667,76.8,"L","Chondrite","Stony","Ordinary","L",12,0.49799067553469
"594",4825,16640,"L6",10000,"Fell",1842,46.18333,16.1,"L","Chondrite","Stony","Ordinary","L",11,0.00485781484723708
"746",5439,18799,"Aubrite",3393,"Fell",1933,55.5,66.08333,"Aubrite","Achondrite","Stony","Asteroidal",NA,2,0.463225690897741
"1039",6972,30386,"Martian (shergottite)",18000,"Fell",1962,11.73333,7.08333,"Shergottite","Achondrite","Stony","Martian","SNC",1,0.297273742080897
"687",5303,17990,"L6",3750,"Fell",1900,47.88333,22.03333,"L","Chondrite","Stony","Ordinary","L",1,0.297273742080897
"293",3462,10836,"L5",11620,"Fell",1882,33.18333,130.2,"L","Chondrite","Stony","Ordinary","L",11,0.00485781484723708
"833",5840,23092,"LL6",8300,"Fell",1866,48.45,3.93333,"LL","Chondrite","Stony","Ordinary","LL",11,0.00485781484723708
"24",450,461,"LL5",700,"Fell",1835,51.78333,-1.78333,"LL","Chondrite","Stony","Ordinary","LL",2,0.463225690897741
"141",788,5165,"Howardite",357,"Fell",1942,10.01667,9.58333,"Howardite","Achondrite","Stony","Asteroidal","H-E-D Vesta",2,0.463225690897741
"803",5636,22589,"L6",355,"Fell",1916,38.66667,116.13333,"L","Chondrite","Stony","Ordinary","L",1,0.297273742080897
"563",4751,15426,"Pallasite, PMG",45000,"Fell",1902,61.5,30.5,"Main Group","Achondrite","Stony-Iron","Pallasite",NA,0,71.3451083182367
"678",5270,17936,"L6",250,"Fell",1933,42.91667,102.46667,"L","Chondrite","Stony","Ordinary","L",2,0.463225690897741
"52",540,2353,"H5",2000,"Fell",1886,43.03333,12.55,"H","Chondrite","Stony","Ordinary","H",2,0.463225690897741
"603",4854,16707,"H",100.7,"Fell",1898,61.73333,5.93333,"H","Chondrite","Stony","Ordinary","H",8,9.36101905684755
"245",3228,7745,"H5",2270,"Fell",1865,52.55,-8.03333,"H","Chondrite","Stony","Ordinary","H",2,0.463225690897741
"164",906,5296,"OC",1360,"Fell",1810,36.5,-79.25,"Chondrite","Chondrite","Stony",NA,NA,11,0.00485781484723708
"964",6682,24071,"Stone-uncl",367,"Fell",1944,30,90.75,"Stony",NA,"Stony",NA,NA,8,9.36101905684755
"216",2203,6642,"L5",0.8,"Fell",1897,28.56667,77.25,"L","Chondrite","Stony","Ordinary","L",1,0.297273742080897
"399",4211,12078,"LL6",34000,"Fell",1889,43.83333,20.44167,"LL","Chondrite","Stony","Ordinary","LL",10,0.461815233876118
"143",798,5175,"H4-an",1504,"Fell",1990,37.62194,-82.23722,"H","Chondrite","Stony","Ordinary","H",11,0.00485781484723708
"590",4820,16632,"L6",1600,"Fell",1881,54.56667,-1.16667,"L","Chondrite","Stony","Ordinary","L",1,0.297273742080897
"667",5078,16983,"Iron, IID",17200,"Fell",1912,-28.56667,30.7,"Iron IID","Achondrite","Iron","Magmatic","Siderite",1,0.297273742080897
"561",4747,15422,"H4",2500,"Fell",1971,-22.25,-49.93333,"H","Chondrite","Stony","Ordinary","H",1,0.297273742080897
"925",6471,23789,"H5",720,"Fell",1880,35.38333,134.9,"H","Chondrite","Stony","Ordinary","H",11,0.00485781484723708
"583",4811,15495,"L5",2405,"Fell",1955,38.18333,15.56667,"L","Chondrite","Stony","Ordinary","L",0,71.3451083182367
"689",5306,17995,"H5",16250,"Fell",1857,46.06667,23.58333,"H","Chondrite","Stony","Ordinary","H",10,0.461815233876118
"106",670,5037,"L6",18,"Fell",1877,20.88333,74.83333,"L","Chondrite","Stony","Ordinary","L",1,0.297273742080897
"168",920,5313,"L6",3700,"Fell",1998,28.53333,109.31667,"L","Chondrite","Stony","Ordinary","L",11,0.00485781484723708
"905",6401,23713,"Eucrite-mmict",52000,"Fell",1808,49.28333,15.56667,"Eucrite","Achondrite","Stony","Asteroidal","H-E-D Vesta",1,0.297273742080897
"1066",7735,44714,"H6",167.7,"Fell",2003,1.345,31.47278,"H","Chondrite","Stony","Ordinary","H",11,0.00485781484723708
"521",4619,14661,"L6",12800,"Fell",1808,50.2,14.85,"L","Chondrite","Stony","Ordinary","L",2,0.463225690897741
"989",6754,24146,"Stone-uncl",367,"Fell",1495,44.06667,12.1,"Stony",NA,"Stony",NA,NA,2,0.463225690897741
"810",5650,22603,"LL5",1800,"Fell",1828,37.46667,-77.5,"LL","Chondrite","Stony","Ordinary","LL",1,0.297273742080897
"416",4329,12221,"H6",89,"Fell",1822,27.08333,78.33333,"H","Chondrite","Stony","Ordinary","H",1,0.297273742080897
"734",5415,18175,"H5",142.5,"Fell",1938,52.3,77.03333,"H","Chondrite","Stony","Ordinary","H",2,0.463225690897741
"217",2209,6649,"L6",16400,"Fell",1911,51.46667,84.76667,"L","Chondrite","Stony","Ordinary","L",8,9.36101905684755
"260",3297,7822,"LL6",680.5,"Fell",1998,39.24667,-104.58817,"LL","Chondrite","Stony","Ordinary","LL",11,0.00485781484723708
"231",3189,7658,"H5",3840,"Fell",1903,23.5,90.33333,"H","Chondrite","Stony","Ordinary","H",16,1.82339952891488
"784",5543,22361,"H",17450,"Fell",1990,44.61667,126.13333,"H","Chondrite","Stony","Ordinary","H",11,0.00485781484723708
"860",6190,23473,"L6",240,"Fell",1917,38.3,27.13333,"L","Chondrite","Stony","Ordinary","L",15,0.406210536590808
"622",4903,16759,"H6",1500,"Fell",1868,26.83333,77.33333,"H","Chondrite","Stony","Ordinary","H",1,0.297273742080897
"730",5409,18116,"L6",2121,"Fell",1950,-19.53333,-48.56667,"L","Chondrite","Stony","Ordinary","L",2,0.463225690897741
"1000",6795,24183,"L5",0.1,"Fell",1967,54.225,-111.69167,"L","Chondrite","Stony","Ordinary","L",1,0.297273742080897
"180",938,5332,"L6",30000,"Fell",1841,47.93333,2.91667,"L","Chondrite","Stony","Ordinary","L",11,0.00485781484723708
"654",5041,16945,"L6",10250,"Fell",1864,56.5,21.5,"L","Chondrite","Stony","Ordinary","L",10,0.461815233876118
"361",4023,11875,"H5",1000,"Fell",1857,10,-84.1,"H","Chondrite","Stony","Ordinary","H",16,1.82339952891488
"886",6319,23603,"H5",1222,"Fell",1920,49.98333,7.53333,"H","Chondrite","Stony","Ordinary","H",1,0.297273742080897
"531",4664,14724,"L6",3500,"Fell",1768,47.85,0.48333,"L","Chondrite","Stony","Ordinary","L",2,0.463225690897741
"230",3188,7657,"H5-6",10000,"Fell",1999,36.95,9.55,"H","Chondrite","Stony","Ordinary","H",11,0.00485781484723708
"541",4707,15372,"Eucrite-pmict",1995,"Fell",1936,-28.83333,31.95,"Eucrite","Achondrite","Stony","Asteroidal","H-E-D Vesta",1,0.297273742080897
"360",4018,11870,"L3.7-6",6100,"Fell",1910,27.33333,35.66667,"L","Chondrite","Stony","Ordinary","L",0,71.3451083182367
"520",4617,14659,"L5",498,"Fell",1978,31.63333,118.98333,"L","Chondrite","Stony","Ordinary","L",1,0.297273742080897
"49",531,2345,"H6",41,"Fell",1805,42.45,9.03333,"H","Chondrite","Stony","Ordinary","H",11,0.00485781484723708
"441",4375,12270,"L4",3300,"Fell",1940,-7.75,112.01667,"L","Chondrite","Stony","Ordinary","L",1,0.297273742080897
"601",4850,16701,"L5",8510,"Fell",1910,25.68333,83.25,"L","Chondrite","Stony","Ordinary","L",1,0.297273742080897
"725",5400,18106,"L5",18000,"Fell",2003,41.48472,-87.67917,"L","Chondrite","Stony","Ordinary","L",11,0.00485781484723708
"319",3519,10926,"H4",152000,"Fell",1918,57.35,37.61667,"H","Chondrite","Stony","Ordinary","H",2,0.463225690897741
"207",1095,5500,"L/LL4",6000,"Fell",1877,38.4,-84.25,"LL","Chondrite","Stony","Ordinary","LL",11,0.00485781484723708
"1002",6799,24187,"LL4-6",2437,"Fell",1906,23.1,87.43333,"LL","Chondrite","Stony","Ordinary","LL",1,0.297273742080897
"672",5089,16994,"Iron, IIIAB",1050,"Fell",1918,36.21667,-92.26667,"Iron IIIAB","Achondrite","Iron","Magmatic","Siderite",11,0.00485781484723708
"821",5814,22783,"L4-6",6000,"Fell",1949,-10.26667,38.76667,"L","Chondrite","Stony","Ordinary","L",16,1.82339952891488
"285",3387,10111,"H3",3640,"Fell",1922,30.83333,-97.76667,"H","Chondrite","Stony","Ordinary","H",1,0.297273742080897
"738",5420,18180,"L6",45760,"Fell",1963,56.13333,-117.93333,"L","Chondrite","Stony","Ordinary","L",2,0.463225690897741
"148",807,5185,"L/LL6",25000,"Fell",1870,37.98333,-1.16667,"LL","Chondrite","Stony","Ordinary","LL",15,0.406210536590808
"316",3514,10919,"L6",480,"Fell",1947,9.6,9.91667,"L","Chondrite","Stony","Ordinary","L",2,0.463225690897741
"238",3206,7722,"L6",1250,"Fell",1962,13.05,3.16667,"L","Chondrite","Stony","Ordinary","L",15,0.406210536590808
"577",4788,15470,"H5",24750,"Fell",1915,-6.23333,106.88333,"H","Chondrite","Stony","Ordinary","H",1,0.297273742080897
"59",556,4900,"L6",2000,"Fell",1842,44.33333,3.23333,"L","Chondrite","Stony","Ordinary","L",11,0.00485781484723708
"1071",7945,45977,"H5",17226,"Fell",1977,25.37,-97.37,"H","Chondrite","Stony","Ordinary","H",0,71.3451083182367
"225",3171,7640,"LL6",32000,"Fell",1860,32.23333,76.46667,"LL","Chondrite","Stony","Ordinary","LL",11,0.00485781484723708
"35",481,2296,"L3",600,"Fell",1969,48.7,37.5,"L","Chondrite","Stony","Ordinary","L",11,0.00485781484723708
"234",3193,7706,"Mesosiderite",128800,"Fell",1995,45.5,119.03333,"Mesosiderite","Achondrite","Stony-Iron","Mesosiderite",NA,11,0.00485781484723708
"756",5460,18822,"EL6",23250,"Fell",1863,58.66667,25.73333,"EL","Chondrite","Stony","Enstatite","EH-EL",10,0.461815233876118
"279",3367,10080,"H4",380,"Fell",1875,36.88333,8.45,"H","Chondrite","Stony","Ordinary","H",15,0.406210536590808
"1081",7964,47351,"Iron, IIE-an",6800,"Fell",2006,25.14333,75.81333,"Iron IIE","Achondrite","Iron","Magmatic","Siderite",11,0.00485781484723708
"172",927,5320,"L5",8800,"Fell",1838,20.26667,76.01667,"L","Chondrite","Stony","Ordinary","L",2,0.463225690897741
"208",1099,5504,"LL6",18000,"Fell",1981,35.61667,8.83333,"LL","Chondrite","Stony","Ordinary","LL",2,0.463225690897741
"686",5302,17989,"L6",6000,"Fell",1855,58.5,23,"L","Chondrite","Stony","Ordinary","L",0,71.3451083182367
"565",4755,15430,"L6",6000,"Fell",2002,-14.2,48.1,"L","Chondrite","Stony","Ordinary","L",11,0.00485781484723708
"22",443,454,"L",625,"Fell",1949,2,22.66667,"L","Chondrite","Stony","Ordinary","L",18,10.7446597222222
"822",5820,22791,"L5",13000,"Fell",1914,51.13333,34.5,"L","Chondrite","Stony","Ordinary","L",1,0.297273742080897
"171",923,5316,"L5",18300,"Fell",1933,-30.78333,-58.05,"L","Chondrite","Stony","Ordinary","L",2,0.463225690897741
"772",5516,18883,"L6",2125,"Fell",1932,48.3025,13.94083,"L","Chondrite","Stony","Ordinary","L",1,0.297273742080897
