"","lat_gs","long_gs","ffscore","fallorfind"
"1",64,-164,-1,"find"
"2",55,-163,-1,"find"
"3",21,-158,1,"fall"
"4",65,-147,-1,"find"
"5",63,-140,-1,"find"
"6",11,-138,-1,"find"
"7",12,-138,-1,"find"
"8",59,-136,-1,"find"
"9",59,-135,1,"fall"
"10",40,-124,-1,"find"
"11",41,-124,-1,"find"
"12",42,-123,-1,"find"
"13",44,-123,1,"fall"
"14",45,-123,0,"both"
"15",47,-123,-1,"find"
"16",38,-122,-1,"find"
"17",39,-122,-1,"find"
"18",42,-122,-1,"find"
"19",38,-121,0,"both"
"20",41,-121,-1,"find"
"21",42,-121,-1,"find"
"22",34,-120,-1,"find"
"23",38,-120,1,"fall"
"24",40,-120,-1,"find"
"25",45,-120,-1,"find"
"26",47,-120,-1,"find"
"27",66,-120,-1,"find"
"28",34,-119,-1,"find"
"29",35,-119,-1,"find"
"30",36,-119,-1,"find"
"31",39,-119,-1,"find"
"32",40,-119,-1,"find"
"33",51,-119,1,"fall"
"34",33,-118,1,"fall"
"35",34,-118,-1,"find"
"36",35,-118,-1,"find"
"37",37,-118,-1,"find"
"38",39,-118,-1,"find"
"39",40,-118,1,"fall"
"40",46,-118,-1,"find"
"41",51,-118,1,"fall"
"42",56,-118,1,"fall"
"43",32,-117,-1,"find"
"44",33,-117,-1,"find"
"45",34,-117,-1,"find"
"46",35,-117,-1,"find"
"47",36,-117,-1,"find"
"48",37,-117,-1,"find"
"49",43,-117,-1,"find"
"50",44,-117,-1,"find"
"51",32,-116,-1,"find"
"52",33,-116,-1,"find"
"53",34,-116,-1,"find"
"54",35,-116,-1,"find"
"55",38,-116,-1,"find"
"56",40,-116,-1,"find"
"57",53,-116,-1,"find"
"58",32,-115,-1,"find"
"59",33,-115,-1,"find"
"60",34,-115,-1,"find"
"61",35,-115,-1,"find"
"62",36,-115,-1,"find"
"63",37,-115,-1,"find"
"64",39,-115,-1,"find"
"65",40,-115,-1,"find"
"66",42,-115,-1,"find"
"67",50,-115,-1,"find"
"68",32,-114,-1,"find"
"69",33,-114,-1,"find"
"70",34,-114,-1,"find"
"71",35,-114,-1,"find"
"72",37,-114,-1,"find"
"73",38,-114,-1,"find"
"74",42,-114,-1,"find"
"75",45,-114,-1,"find"
"76",50,-114,-1,"find"
"77",53,-114,-1,"find"
"78",27,-113,-1,"find"
"79",29,-113,-1,"find"
"80",32,-113,-1,"find"
"81",33,-113,-1,"find"
"82",34,-113,-1,"find"
"83",35,-113,-1,"find"
"84",38,-113,-1,"find"
"85",39,-113,-1,"find"
"86",41,-113,1,"fall"
"87",46,-113,-1,"find"
"88",49,-113,-1,"find"
"89",52,-113,-1,"find"
"90",53,-113,0,"both"
"91",54,-113,1,"fall"
"92",24,-112,-1,"find"
"93",26,-112,-1,"find"
"94",29,-112,-1,"find"
"95",30,-112,-1,"find"
"96",31,-112,-1,"find"
"97",32,-112,-1,"find"
"98",33,-112,-1,"find"
"99",34,-112,-1,"find"
"100",35,-112,-1,"find"
"101",38,-112,-1,"find"
"102",40,-112,-1,"find"
"103",46,-112,-1,"find"
"104",49,-112,-1,"find"
"105",53,-112,0,"both"
"106",54,-112,1,"fall"
"107",31,-111,0,"both"
"108",32,-111,-1,"find"
"109",34,-111,0,"both"
"110",35,-111,-1,"find"
"111",38,-111,-1,"find"
"112",40,-111,-1,"find"
"113",45,-111,-1,"find"
"114",46,-111,-1,"find"
"115",29,-110,-1,"find"
"116",30,-110,-1,"find"
"117",32,-110,-1,"find"
"118",35,-110,-1,"find"
"119",37,-110,-1,"find"
"120",38,-110,-1,"find"
"121",41,-110,-1,"find"
"122",46,-110,-1,"find"
"123",50,-110,-1,"find"
"124",52,-110,1,"fall"
"125",27,-109,-1,"find"
"126",28,-109,-1,"find"
"127",32,-109,-1,"find"
"128",33,-109,-1,"find"
"129",34,-109,-1,"find"
"130",35,-109,-1,"find"
"131",37,-109,-1,"find"
"132",38,-109,-1,"find"
"133",46,-109,-1,"find"
"134",49,-109,-1,"find"
"135",52,-109,-1,"find"
"136",26,-108,-1,"find"
"137",27,-108,-1,"find"
"138",29,-108,-1,"find"
"139",30,-108,-1,"find"
"140",31,-108,-1,"find"
"141",32,-108,-1,"find"
"142",33,-108,-1,"find"
"143",34,-108,-1,"find"
"144",35,-108,-1,"find"
"145",36,-108,1,"fall"
"146",38,-108,-1,"find"
"147",43,-108,-1,"find"
"148",44,-108,-1,"find"
"149",51,-108,-1,"find"
"150",52,-108,-1,"find"
"151",26,-107,-1,"find"
"152",28,-107,-1,"find"
"153",31,-107,-1,"find"
"154",32,-107,-1,"find"
"155",33,-107,-1,"find"
"156",34,-107,-1,"find"
"157",35,-107,-1,"find"
"158",38,-107,-1,"find"
"159",39,-107,-1,"find"
"160",43,-107,-1,"find"
"161",52,-107,-1,"find"
"162",20,-106,1,"fall"
"163",24,-106,-1,"find"
"164",25,-106,-1,"find"
"165",26,-106,0,"both"
"166",27,-106,-1,"find"
"167",28,-106,-1,"find"
"168",29,-106,-1,"find"
"169",30,-106,-1,"find"
"170",32,-106,-1,"find"
"171",33,-106,-1,"find"
"172",34,-106,-1,"find"
"173",35,-106,-1,"find"
"174",36,-106,-1,"find"
"175",37,-106,-1,"find"
"176",38,-106,0,"both"
"177",39,-106,-1,"find"
"178",40,-106,0,"both"
"179",52,-106,-1,"find"
"180",53,-106,-1,"find"
"181",20,-105,-1,"find"
"182",23,-105,-1,"find"
"183",24,-105,-1,"find"
"184",25,-105,-1,"find"
"185",27,-105,-1,"find"
"186",30,-105,-1,"find"
"187",32,-105,-1,"find"
"188",33,-105,-1,"find"
"189",34,-105,-1,"find"
"190",35,-105,-1,"find"
"191",36,-105,-1,"find"
"192",37,-105,-1,"find"
"193",38,-105,-1,"find"
"194",39,-105,1,"fall"
"195",40,-105,0,"both"
"196",41,-105,-1,"find"
"197",42,-105,0,"both"
"198",43,-105,-1,"find"
"199",44,-105,-1,"find"
"200",51,-105,-1,"find"
"201",52,-105,-1,"find"
"202",19,-104,1,"fall"
"203",20,-104,1,"fall"
"204",21,-104,1,"fall"
"205",23,-104,-1,"find"
"206",24,-104,-1,"find"
"207",25,-104,1,"fall"
"208",26,-104,-1,"find"
"209",27,-104,-1,"find"
"210",29,-104,-1,"find"
"211",30,-104,0,"both"
"212",32,-104,0,"both"
"213",33,-104,-1,"find"
"214",34,-104,0,"both"
"215",35,-104,-1,"find"
"216",36,-104,0,"both"
"217",37,-104,-1,"find"
"218",38,-104,-1,"find"
"219",39,-104,-1,"find"
"220",40,-104,-1,"find"
"221",41,-104,-1,"find"
"222",42,-104,0,"both"
"223",43,-104,-1,"find"
"224",44,-104,-1,"find"
"225",45,-104,-1,"find"
"226",47,-104,-1,"find"
"227",49,-104,-1,"find"
"228",20,-103,-1,"find"
"229",21,-103,-1,"find"
"230",22,-103,-1,"find"
"231",24,-103,0,"both"
"232",28,-103,-1,"find"
"233",30,-103,-1,"find"
"234",31,-103,0,"both"
"235",32,-103,-1,"find"
"236",33,-103,-1,"find"
"237",34,-103,-1,"find"
"238",35,-103,-1,"find"
"239",36,-103,-1,"find"
"240",37,-103,-1,"find"
"241",38,-103,-1,"find"
"242",39,-103,-1,"find"
"243",40,-103,-1,"find"
"244",41,-103,-1,"find"
"245",43,-103,-1,"find"
"246",45,-103,-1,"find"
"247",46,-103,1,"fall"
"248",20,-102,1,"fall"
"249",22,-102,-1,"find"
"250",23,-102,0,"both"
"251",24,-102,0,"both"
"252",27,-102,-1,"find"
"253",29,-102,-1,"find"
"254",30,-102,-1,"find"
"255",31,-102,-1,"find"
"256",32,-102,-1,"find"
"257",33,-102,-1,"find"
"258",34,-102,-1,"find"
"259",35,-102,-1,"find"
"260",36,-102,-1,"find"
"261",37,-102,-1,"find"
"262",38,-102,0,"both"
"263",39,-102,0,"both"
"264",40,-102,-1,"find"
"265",41,-102,-1,"find"
"266",42,-102,-1,"find"
"267",43,-102,-1,"find"
"268",45,-102,-1,"find"
"269",46,-102,-1,"find"
"270",19,-101,1,"fall"
"271",20,-101,-1,"find"
"272",21,-101,1,"fall"
"273",25,-101,-1,"find"
"274",29,-101,-1,"find"
"275",31,-101,-1,"find"
"276",32,-101,-1,"find"
"277",33,-101,-1,"find"
"278",34,-101,-1,"find"
"279",35,-101,-1,"find"
"280",36,-101,-1,"find"
"281",37,-101,-1,"find"
"282",38,-101,-1,"find"
"283",39,-101,0,"both"
"284",40,-101,-1,"find"
"285",41,-101,-1,"find"
"286",42,-101,-1,"find"
"287",43,-101,-1,"find"
"288",44,-101,-1,"find"
"289",16,-100,1,"fall"
"290",19,-100,-1,"find"
"291",21,-100,1,"fall"
"292",24,-100,0,"both"
"293",26,-100,-1,"find"
"294",27,-100,-1,"find"
"295",29,-100,-1,"find"
"296",30,-100,-1,"find"
"297",31,-100,0,"both"
"298",32,-100,-1,"find"
"299",33,-100,-1,"find"
"300",34,-100,-1,"find"
"301",35,-100,0,"both"
"302",36,-100,-1,"find"
"303",37,-100,-1,"find"
"304",38,-100,-1,"find"
"305",39,-100,0,"both"
"306",40,-100,0,"both"
"307",41,-100,-1,"find"
"308",42,-100,0,"both"
"309",19,-99,-1,"find"
"310",27,-99,-1,"find"
"311",28,-99,-1,"find"
"312",29,-99,-1,"find"
"313",30,-99,-1,"find"
"314",31,-99,0,"both"
"315",32,-99,-1,"find"
"316",33,-99,-1,"find"
"317",34,-99,0,"both"
"318",35,-99,-1,"find"
"319",36,-99,-1,"find"
"320",37,-99,-1,"find"
"321",38,-99,-1,"find"
"322",39,-99,-1,"find"
"323",40,-99,-1,"find"
"324",41,-99,-1,"find"
"325",44,-99,-1,"find"
"326",45,-99,1,"fall"
"327",46,-99,-1,"find"
"328",16,-98,-1,"find"
"329",17,-98,-1,"find"
"330",18,-98,-1,"find"
"331",19,-98,-1,"find"
"332",25,-98,1,"fall"
"333",26,-98,-1,"find"
"334",28,-98,-1,"find"
"335",29,-98,-1,"find"
"336",30,-98,0,"both"
"337",31,-98,0,"both"
"338",32,-98,-1,"find"
"339",33,-98,-1,"find"
"340",34,-98,-1,"find"
"341",35,-98,0,"both"
"342",36,-98,0,"both"
"343",37,-98,-1,"find"
"344",38,-98,-1,"find"
"345",39,-98,0,"both"
"346",40,-98,-1,"find"
"347",41,-98,-1,"find"
"348",43,-98,-1,"find"
"349",48,-98,-1,"find"
"350",49,-98,-1,"find"
"351",17,-97,-1,"find"
"352",29,-97,-1,"find"
"353",30,-97,0,"both"
"354",31,-97,-1,"find"
"355",32,-97,-1,"find"
"356",33,-97,0,"both"
"357",34,-97,0,"both"
"358",35,-97,-1,"find"
"359",36,-97,-1,"find"
"360",37,-97,-1,"find"
"361",38,-97,-1,"find"
"362",39,-97,-1,"find"
"363",40,-97,0,"both"
"364",41,-97,-1,"find"
"365",43,-97,0,"both"
"366",44,-97,-1,"find"
"367",47,-97,0,"both"
"368",49,-97,-1,"find"
"369",50,-97,-1,"find"
"370",29,-96,1,"fall"
"371",30,-96,1,"fall"
"372",32,-96,1,"fall"
"373",33,-96,-1,"find"
"374",34,-96,-1,"find"
"375",36,-96,1,"fall"
"376",37,-96,-1,"find"
"377",38,-96,0,"both"
"378",39,-96,-1,"find"
"379",40,-96,-1,"find"
"380",42,-96,-1,"find"
"381",50,-96,-1,"find"
"382",32,-95,0,"both"
"383",34,-95,-1,"find"
"384",35,-95,-1,"find"
"385",36,-95,1,"fall"
"386",38,-95,0,"both"
"387",39,-95,0,"both"
"388",40,-95,-1,"find"
"389",43,-95,1,"fall"
"390",44,-95,-1,"find"
"391",47,-95,-1,"find"
"392",33,-94,-1,"find"
"393",35,-94,0,"both"
"394",36,-94,0,"both"
"395",37,-94,-1,"find"
"396",43,-94,1,"fall"
"397",45,-94,-1,"find"
"398",31,-93,-1,"find"
"399",35,-93,1,"fall"
"400",36,-93,0,"both"
"401",37,-93,0,"both"
"402",44,-93,-1,"find"
"403",45,-93,1,"fall"
"404",30,-92,-1,"find"
"405",34,-92,-1,"find"
"406",35,-92,-1,"find"
"407",36,-92,-1,"find"
"408",38,-92,1,"fall"
"409",39,-92,1,"fall"
"410",41,-92,0,"both"
"411",43,-92,1,"fall"
"412",-58,-91,-1,"find"
"413",14,-91,-1,"find"
"414",29,-91,1,"fall"
"415",36,-91,1,"fall"
"416",37,-91,-1,"find"
"417",38,-91,1,"fall"
"418",40,-91,-1,"find"
"419",42,-91,0,"both"
"420",44,-91,1,"fall"
"421",32,-90,1,"fall"
"422",37,-90,0,"both"
"423",38,-90,1,"fall"
"424",39,-90,1,"fall"
"425",40,-90,1,"fall"
"426",41,-90,-1,"find"
"427",43,-90,1,"fall"
"428",44,-90,-1,"find"
"429",14,-89,-1,"find"
"430",32,-89,-1,"find"
"431",33,-89,-1,"find"
"432",34,-89,0,"both"
"433",35,-89,-1,"find"
"434",36,-89,0,"both"
"435",37,-89,-1,"find"
"436",42,-89,-1,"find"
"437",43,-89,-1,"find"
"438",44,-89,-1,"find"
"439",46,-89,-1,"find"
"440",31,-88,-1,"find"
"441",32,-88,1,"fall"
"442",33,-88,-1,"find"
"443",34,-88,0,"both"
"444",36,-88,0,"both"
"445",41,-88,1,"fall"
"446",44,-88,-1,"find"
"447",30,-87,-1,"find"
"448",32,-87,-1,"find"
"449",33,-87,1,"fall"
"450",34,-87,0,"both"
"451",35,-87,0,"both"
"452",36,-87,0,"both"
"453",38,-87,1,"fall"
"454",40,-87,0,"both"
"455",41,-87,0,"both"
"456",32,-86,-1,"find"
"457",33,-86,-1,"find"
"458",34,-86,-1,"find"
"459",35,-86,-1,"find"
"460",36,-86,-1,"find"
"461",37,-86,-1,"find"
"462",38,-86,0,"both"
"463",39,-86,-1,"find"
"464",42,-86,0,"both"
"465",43,-86,-1,"find"
"466",44,-86,-1,"find"
"467",10,-85,1,"fall"
"468",32,-85,1,"fall"
"469",33,-85,-1,"find"
"470",34,-85,-1,"find"
"471",35,-85,0,"both"
"472",36,-85,0,"both"
"473",37,-85,-1,"find"
"474",38,-85,0,"both"
"475",39,-85,-1,"find"
"476",40,-85,-1,"find"
"477",41,-85,-1,"find"
"478",43,-85,1,"fall"
"479",31,-84,1,"fall"
"480",33,-84,0,"both"
"481",34,-84,-1,"find"
"482",35,-84,0,"both"
"483",36,-84,-1,"find"
"484",38,-84,1,"fall"
"485",39,-84,0,"both"
"486",42,-84,1,"fall"
"487",44,-84,1,"fall"
"488",31,-83,-1,"find"
"489",32,-83,-1,"find"
"490",33,-83,-1,"find"
"491",34,-83,-1,"find"
"492",35,-83,0,"both"
"493",36,-83,-1,"find"
"494",37,-83,0,"both"
"495",38,-83,-1,"find"
"496",39,-83,-1,"find"
"497",40,-83,-1,"find"
"498",42,-83,1,"fall"
"499",26,-82,-1,"find"
"500",28,-82,0,"both"
"501",32,-82,0,"both"
"502",34,-82,-1,"find"
"503",35,-82,0,"both"
"504",36,-82,1,"fall"
"505",37,-82,-1,"find"
"506",40,-82,0,"both"
"507",44,-82,-1,"find"
"508",26,-81,-1,"find"
"509",34,-81,1,"fall"
"510",35,-81,0,"both"
"511",36,-81,-1,"find"
"512",37,-81,-1,"find"
"513",40,-81,1,"fall"
"514",42,-81,-1,"find"
"515",43,-81,1,"fall"
"516",44,-81,1,"fall"
"517",47,-81,-1,"find"
"518",-2,-80,1,"fall"
"519",22,-80,-1,"find"
"520",35,-80,0,"both"
"521",36,-80,0,"both"
"522",37,-80,-1,"find"
"523",38,-80,-1,"find"
"524",39,-80,-1,"find"
"525",40,-80,0,"both"
"526",43,-80,0,"both"
"527",44,-80,-1,"find"
"528",45,-80,-1,"find"
"529",35,-79,1,"fall"
"530",36,-79,1,"fall"
"531",40,-79,0,"both"
"532",43,-79,-1,"find"
"533",17,-78,-1,"find"
"534",35,-78,0,"both"
"535",37,-78,1,"fall"
"536",38,-78,1,"fall"
"537",39,-78,-1,"find"
"538",41,-78,-1,"find"
"539",42,-78,-1,"find"
"540",44,-78,-1,"find"
"541",3,-77,1,"fall"
"542",36,-77,-1,"find"
"543",37,-77,1,"fall"
"544",38,-77,1,"fall"
"545",39,-77,-1,"find"
"546",42,-77,-1,"find"
"547",45,-77,-1,"find"
"548",-15,-76,-1,"find"
"549",42,-76,-1,"find"
"550",-15,-75,-1,"find"
"551",42,-75,-1,"find"
"552",40,-74,1,"fall"
"553",41,-74,1,"fall"
"554",42,-74,0,"both"
"555",45,-74,-1,"find"
"556",5,-73,-1,"find"
"557",41,-73,1,"fall"
"558",42,-73,-1,"find"
"559",45,-73,1,"fall"
"560",48,-73,-1,"find"
"561",-43,-72,-1,"find"
"562",-32,-72,1,"fall"
"563",-46,-71,-1,"find"
"564",-45,-71,-1,"find"
"565",-38,-71,-1,"find"
"566",-34,-71,-1,"find"
"567",-28,-71,-1,"find"
"568",-27,-71,-1,"find"
"569",-26,-71,-1,"find"
"570",-25,-71,-1,"find"
"571",-24,-71,-1,"find"
"572",-23,-71,-1,"find"
"573",9,-71,1,"fall"
"574",43,-71,-1,"find"
"575",44,-71,1,"fall"
"576",-40,-70,-1,"find"
"577",-39,-70,-1,"find"
"578",-29,-70,-1,"find"
"579",-28,-70,-1,"find"
"580",-27,-70,-1,"find"
"581",-26,-70,-1,"find"
"582",-25,-70,-1,"find"
"583",-24,-70,-1,"find"
"584",-23,-70,-1,"find"
"585",-22,-70,-1,"find"
"586",-21,-70,-1,"find"
"587",-20,-70,-1,"find"
"588",-17,-70,1,"fall"
"589",11,-70,1,"fall"
"590",44,-70,1,"fall"
"591",-43,-69,-1,"find"
"592",-32,-69,1,"fall"
"593",-26,-69,-1,"find"
"594",-25,-69,-1,"find"
"595",-24,-69,-1,"find"
"596",-23,-69,-1,"find"
"597",44,-69,1,"fall"
"598",-49,-68,-1,"find"
"599",-41,-68,-1,"find"
"600",-40,-68,-1,"find"
"601",-28,-68,0,"both"
"602",-24,-68,-1,"find"
"603",45,-68,1,"fall"
"604",-45,-67,1,"fall"
"605",-41,-67,-1,"find"
"606",-34,-67,-1,"find"
"607",-30,-67,-1,"find"
"608",-29,-67,-1,"find"
"609",-20,-67,-1,"find"
"610",-19,-67,-1,"find"
"611",-36,-66,-1,"find"
"612",-33,-66,1,"fall"
"613",-32,-66,1,"fall"
"614",-27,-66,1,"fall"
"615",-24,-66,1,"fall"
"616",-34,-65,1,"fall"
"617",-33,-65,0,"both"
"618",-31,-65,0,"both"
"619",48,-65,-1,"find"
"620",-29,-64,0,"both"
"621",-42,-63,-1,"find"
"622",-39,-63,-1,"find"
"623",-39,-62,-1,"find"
"624",-38,-62,0,"both"
"625",-34,-62,0,"both"
"626",-30,-62,-1,"find"
"627",-27,-62,-1,"find"
"628",4,-62,-1,"find"
"629",-39,-61,-1,"find"
"630",-38,-61,-1,"find"
"631",-37,-61,-1,"find"
"632",-34,-61,-1,"find"
"633",-33,-61,-1,"find"
"634",-32,-61,1,"fall"
"635",-30,-61,-1,"find"
"636",-29,-61,-1,"find"
"637",-28,-61,-1,"find"
"638",-37,-60,-1,"find"
"639",-35,-60,-1,"find"
"640",-33,-60,1,"fall"
"641",-36,-59,-1,"find"
"642",-35,-59,-1,"find"
"643",-33,-59,1,"fall"
"644",-32,-59,1,"fall"
"645",-31,-59,1,"fall"
"646",-32,-58,1,"fall"
"647",-28,-57,-1,"find"
"648",-26,-57,1,"fall"
"649",-33,-56,-1,"find"
"650",-26,-55,1,"fall"
"651",-34,-54,-1,"find"
"652",-31,-54,-1,"find"
"653",-30,-54,1,"fall"
"654",0,-54,-1,"find"
"655",-31,-52,-1,"find"
"656",-30,-52,0,"both"
"657",-24,-52,1,"fall"
"658",-20,-52,1,"fall"
"659",-30,-51,-1,"find"
"660",-27,-51,-1,"find"
"661",-17,-51,-1,"find"
"662",-16,-51,-1,"find"
"663",-27,-50,0,"both"
"664",-23,-50,1,"fall"
"665",-22,-50,1,"fall"
"666",-21,-50,1,"fall"
"667",-15,-50,-1,"find"
"668",-27,-49,-1,"find"
"669",-20,-49,0,"both"
"670",-15,-49,-1,"find"
"671",-20,-48,0,"both"
"672",-17,-48,-1,"find"
"673",-19,-47,-1,"find"
"674",-8,-47,-1,"find"
"675",-23,-46,-1,"find"
"676",-23,-45,1,"fall"
"677",-22,-45,-1,"find"
"678",-20,-45,0,"both"
"679",-19,-45,-1,"find"
"680",-18,-45,-1,"find"
"681",-4,-45,1,"fall"
"682",-22,-44,-1,"find"
"683",-19,-44,-1,"find"
"684",-18,-44,-1,"find"
"685",-15,-44,-1,"find"
"686",-23,-43,-1,"find"
"687",-14,-43,-1,"find"
"688",-21,-42,1,"fall"
"689",-19,-42,-1,"find"
"690",-15,-41,-1,"find"
"691",-8,-41,1,"fall"
"692",-7,-41,1,"fall"
"693",-6,-41,-1,"find"
"694",-11,-40,-1,"find"
"695",-9,-37,1,"fall"
"696",-6,-37,1,"fall"
"697",21,-17,-1,"find"
"698",24,-15,-1,"find"
"699",22,-14,-1,"find"
"700",24,-14,0,"both"
"701",20,-13,-1,"find"
"702",21,-13,-1,"find"
"703",26,-13,0,"both"
"704",27,-13,-1,"find"
"705",16,-12,1,"fall"
"706",17,-12,1,"fall"
"707",20,-12,-1,"find"
"708",26,-12,-1,"find"
"709",28,-12,-1,"find"
"710",14,-11,-1,"find"
"711",22,-11,-1,"find"
"712",23,-11,-1,"find"
"713",25,-11,-1,"find"
"714",26,-11,-1,"find"
"715",27,-11,-1,"find"
"716",16,-10,1,"fall"
"717",23,-10,-1,"find"
"718",27,-10,0,"both"
"719",28,-10,-1,"find"
"720",30,-10,-1,"find"
"721",27,-9,-1,"find"
"722",29,-9,-1,"find"
"723",32,-9,1,"fall"
"724",37,-9,1,"fall"
"725",38,-9,1,"fall"
"726",41,-9,-1,"find"
"727",52,-9,1,"fall"
"728",27,-8,-1,"find"
"729",28,-8,-1,"find"
"730",29,-8,0,"both"
"731",31,-8,1,"fall"
"732",38,-8,1,"fall"
"733",41,-8,0,"both"
"734",53,-8,1,"fall"
"735",54,-8,1,"fall"
"736",22,-7,-1,"find"
"737",30,-7,0,"both"
"738",32,-7,0,"both"
"739",38,-7,1,"fall"
"740",41,-7,1,"fall"
"741",52,-7,1,"fall"
"742",54,-7,1,"fall"
"743",15,-6,1,"fall"
"744",23,-6,1,"fall"
"745",29,-6,-1,"find"
"746",30,-6,-1,"find"
"747",31,-6,-1,"find"
"748",33,-6,-1,"find"
"749",37,-6,1,"fall"
"750",38,-6,1,"fall"
"751",42,-6,1,"fall"
"752",43,-6,1,"fall"
"753",13,-5,1,"fall"
"754",23,-5,-1,"find"
"755",29,-5,-1,"find"
"756",30,-5,-1,"find"
"757",31,-5,-1,"find"
"758",32,-5,-1,"find"
"759",39,-5,-1,"find"
"760",42,-5,1,"fall"
"761",48,-5,-1,"find"
"762",53,-5,1,"fall"
"763",55,-5,1,"fall"
"764",11,-4,1,"fall"
"765",22,-4,-1,"find"
"766",29,-4,-1,"find"
"767",30,-4,-1,"find"
"768",31,-4,-1,"find"
"769",32,-4,-1,"find"
"770",37,-4,-1,"find"
"771",39,-4,1,"fall"
"772",40,-4,1,"fall"
"773",41,-4,1,"fall"
"774",48,-4,0,"both"
"775",50,-4,1,"fall"
"776",56,-4,0,"both"
"777",11,-3,0,"both"
"778",14,-3,1,"fall"
"779",29,-3,-1,"find"
"780",31,-3,-1,"find"
"781",32,-3,-1,"find"
"782",39,-3,1,"fall"
"783",42,-3,1,"fall"
"784",47,-3,-1,"find"
"785",52,-3,1,"fall"
"786",53,-3,1,"fall"
"787",20,-2,-1,"find"
"788",23,-2,-1,"find"
"789",24,-2,-1,"find"
"790",37,-2,1,"fall"
"791",38,-2,1,"fall"
"792",44,-2,-1,"find"
"793",46,-2,1,"fall"
"794",48,-2,1,"fall"
"795",49,-2,1,"fall"
"796",51,-2,0,"both"
"797",52,-2,1,"fall"
"798",54,-2,0,"both"
"799",11,-1,1,"fall"
"800",12,-1,1,"fall"
"801",13,-1,1,"fall"
"802",24,-1,-1,"find"
"803",25,-1,-1,"find"
"804",27,-1,-1,"find"
"805",38,-1,1,"fall"
"806",39,-1,0,"both"
"807",41,-1,0,"both"
"808",43,-1,1,"fall"
"809",45,-1,1,"fall"
"810",47,-1,1,"fall"
"811",48,-1,1,"fall"
"812",52,-1,1,"fall"
"813",54,-1,1,"fall"
"814",12,0,1,"fall"
"815",14,0,1,"fall"
"816",24,0,-1,"find"
"817",25,0,-1,"find"
"818",26,0,-1,"find"
"819",27,0,-1,"find"
"820",28,0,0,"both"
"821",41,0,1,"fall"
"822",42,0,1,"fall"
"823",43,0,1,"fall"
"824",44,0,1,"fall"
"825",45,0,1,"fall"
"826",46,0,1,"fall"
"827",47,0,1,"fall"
"828",48,0,1,"fall"
"829",52,0,1,"fall"
"830",12,1,1,"fall"
"831",14,1,1,"fall"
"832",21,1,-1,"find"
"833",24,1,-1,"find"
"834",25,1,-1,"find"
"835",28,1,-1,"find"
"836",29,1,-1,"find"
"837",41,1,0,"both"
"838",43,1,1,"fall"
"839",45,1,1,"fall"
"840",46,1,1,"fall"
"841",47,1,1,"fall"
"842",49,1,-1,"find"
"843",30,2,-1,"find"
"844",41,2,0,"both"
"845",42,2,1,"fall"
"846",43,2,1,"fall"
"847",44,2,1,"fall"
"848",47,2,1,"fall"
"849",50,2,1,"fall"
"850",13,3,1,"fall"
"851",26,3,-1,"find"
"852",27,3,-1,"find"
"853",29,3,-1,"find"
"854",30,3,-1,"find"
"855",34,3,1,"fall"
"856",36,3,0,"both"
"857",44,3,1,"fall"
"858",45,3,1,"fall"
"859",48,3,0,"both"
"860",50,3,1,"fall"
"861",51,3,1,"fall"
"862",18,4,1,"fall"
"863",22,4,0,"both"
"864",26,4,-1,"find"
"865",27,4,-1,"find"
"866",28,4,-1,"find"
"867",29,4,-1,"find"
"868",30,4,-1,"find"
"869",32,4,-1,"find"
"870",44,4,1,"fall"
"871",46,4,1,"fall"
"872",47,4,-1,"find"
"873",49,4,-1,"find"
"874",50,4,1,"fall"
"875",51,4,1,"fall"
"876",13,5,0,"both"
"877",19,5,-1,"find"
"878",30,5,-1,"find"
"879",36,5,1,"fall"
"880",43,5,1,"fall"
"881",44,5,0,"both"
"882",46,5,1,"fall"
"883",47,5,1,"fall"
"884",51,5,1,"fall"
"885",52,5,1,"fall"
"886",60,5,1,"fall"
"887",61,5,1,"fall"
"888",18,6,-1,"find"
"889",24,6,-1,"find"
"890",27,6,-1,"find"
"891",43,6,-1,"find"
"892",44,6,1,"fall"
"893",45,6,1,"fall"
"894",46,6,0,"both"
"895",47,6,1,"fall"
"896",48,6,1,"fall"
"897",49,6,-1,"find"
"898",50,6,0,"both"
"899",51,6,1,"fall"
"900",52,6,1,"fall"
"901",61,6,-1,"find"
"902",11,7,1,"fall"
"903",12,7,1,"fall"
"904",18,7,-1,"find"
"905",28,7,1,"fall"
"906",44,7,-1,"find"
"907",45,7,1,"fall"
"908",46,7,1,"fall"
"909",47,7,0,"both"
"910",49,7,1,"fall"
"911",50,7,1,"fall"
"912",52,7,1,"fall"
"913",53,7,-1,"find"
"914",62,7,-1,"find"
"915",5,8,-1,"find"
"916",6,8,1,"fall"
"917",7,8,1,"fall"
"918",8,8,1,"fall"
"919",11,8,1,"fall"
"920",13,8,-1,"find"
"921",19,8,1,"fall"
"922",26,8,-1,"find"
"923",27,8,-1,"find"
"924",31,8,-1,"find"
"925",35,8,1,"fall"
"926",36,8,1,"fall"
"927",44,8,1,"fall"
"928",45,8,1,"fall"
"929",48,8,1,"fall"
"930",49,8,1,"fall"
"931",50,8,0,"both"
"932",51,8,1,"fall"
"933",52,8,0,"both"
"934",53,8,-1,"find"
"935",58,8,1,"fall"
"936",9,9,1,"fall"
"937",10,9,0,"both"
"938",12,9,1,"fall"
"939",19,9,-1,"find"
"940",20,9,-1,"find"
"941",31,9,-1,"find"
"942",32,9,-1,"find"
"943",33,9,-1,"find"
"944",36,9,1,"fall"
"945",39,9,1,"fall"
"946",42,9,1,"fall"
"947",44,9,0,"both"
"948",45,9,0,"both"
"949",46,9,-1,"find"
"950",50,9,1,"fall"
"951",51,9,1,"fall"
"952",52,9,0,"both"
"953",53,9,1,"fall"
"954",54,9,-1,"find"
"955",58,9,1,"fall"
"956",11,10,1,"fall"
"957",17,10,-1,"find"
"958",18,10,-1,"find"
"959",20,10,-1,"find"
"960",21,10,-1,"find"
"961",25,10,-1,"find"
"962",28,10,-1,"find"
"963",29,10,-1,"find"
"964",30,10,-1,"find"
"965",31,10,-1,"find"
"966",32,10,1,"fall"
"967",33,10,-1,"find"
"968",34,10,1,"fall"
"969",44,10,1,"fall"
"970",45,10,1,"fall"
"971",47,10,0,"both"
"972",48,10,1,"fall"
"973",50,10,0,"both"
"974",51,10,0,"both"
"975",54,10,1,"fall"
"976",55,10,1,"fall"
"977",56,10,1,"fall"
"978",59,10,1,"fall"
"979",11,11,1,"fall"
"980",12,11,1,"fall"
"981",19,11,-1,"find"
"982",20,11,-1,"find"
"983",28,11,-1,"find"
"984",29,11,-1,"find"
"985",30,11,-1,"find"
"986",31,11,-1,"find"
"987",43,11,1,"fall"
"988",44,11,0,"both"
"989",45,11,1,"fall"
"990",47,11,-1,"find"
"991",48,11,1,"fall"
"992",49,11,-1,"find"
"993",50,11,1,"fall"
"994",52,11,1,"fall"
"995",54,11,1,"fall"
"996",55,11,-1,"find"
"997",60,11,1,"fall"
"998",7,12,1,"fall"
"999",8,12,1,"fall"
"1000",20,12,-1,"find"
"1001",23,12,-1,"find"
"1002",25,12,-1,"find"
"1003",28,12,-1,"find"
"1004",29,12,-1,"find"
"1005",30,12,-1,"find"
"1006",42,12,1,"fall"
"1007",43,12,1,"fall"
"1008",44,12,1,"fall"
"1009",45,12,-1,"find"
"1010",46,12,-1,"find"
"1011",48,12,1,"fall"
"1012",49,12,-1,"find"
"1013",50,12,0,"both"
"1014",52,12,1,"fall"
"1015",55,12,1,"fall"
"1016",59,12,-1,"find"
"1017",61,12,1,"fall"
"1018",-18,13,1,"fall"
"1019",9,13,1,"fall"
"1020",26,13,-1,"find"
"1021",28,13,-1,"find"
"1022",29,13,-1,"find"
"1023",30,13,-1,"find"
"1024",37,13,1,"fall"
"1025",43,13,1,"fall"
"1026",46,13,1,"fall"
"1027",48,13,1,"fall"
"1028",49,13,0,"both"
"1029",50,13,-1,"find"
"1030",51,13,-1,"find"
"1031",52,13,0,"both"
"1032",53,13,1,"fall"
"1033",55,13,1,"fall"
"1034",56,13,1,"fall"
"1035",-26,14,-1,"find"
"1036",-24,14,-1,"find"
"1037",-17,14,-1,"find"
"1038",29,14,-1,"find"
"1039",37,14,1,"fall"
"1040",38,14,1,"fall"
"1041",46,14,0,"both"
"1042",47,14,-1,"find"
"1043",49,14,0,"both"
"1044",50,14,1,"fall"
"1045",51,14,1,"fall"
"1046",59,14,1,"fall"
"1047",63,14,-1,"find"
"1048",66,14,1,"fall"
"1049",-25,15,-1,"find"
"1050",-24,15,-1,"find"
"1051",-18,15,1,"fall"
"1052",-12,15,1,"fall"
"1053",12,15,1,"fall"
"1054",25,15,-1,"find"
"1055",26,15,-1,"find"
"1056",27,15,-1,"find"
"1057",28,15,-1,"find"
"1058",38,15,1,"fall"
"1059",45,15,1,"fall"
"1060",49,15,0,"both"
"1061",51,15,1,"fall"
"1062",52,15,-1,"find"
"1063",53,15,1,"fall"
"1064",56,15,1,"fall"
"1065",-27,16,-1,"find"
"1066",-25,16,-1,"find"
"1067",-22,16,-1,"find"
"1068",-19,16,-1,"find"
"1069",-18,16,1,"fall"
"1070",5,16,1,"fall"
"1071",11,16,-1,"find"
"1072",26,16,-1,"find"
"1073",27,16,-1,"find"
"1074",28,16,-1,"find"
"1075",39,16,1,"fall"
"1076",46,16,1,"fall"
"1077",47,16,1,"fall"
"1078",49,16,1,"fall"
"1079",50,16,1,"fall"
"1080",52,16,0,"both"
"1081",57,16,1,"fall"
"1082",58,16,1,"fall"
"1083",-26,17,-1,"find"
"1084",-20,17,-1,"find"
"1085",29,17,-1,"find"
"1086",46,17,0,"both"
"1087",48,17,0,"both"
"1088",49,17,0,"both"
"1089",52,17,1,"fall"
"1090",59,17,0,"both"
"1091",-35,18,-1,"find"
"1092",-34,18,0,"both"
"1093",-33,18,1,"fall"
"1094",-29,18,1,"fall"
"1095",-28,18,-1,"find"
"1096",-27,18,-1,"find"
"1097",-26,18,-1,"find"
"1098",24,18,-1,"find"
"1099",42,18,1,"fall"
"1100",44,18,-1,"find"
"1101",49,18,0,"both"
"1102",53,18,-1,"find"
"1103",-34,19,0,"both"
"1104",44,19,1,"fall"
"1105",49,19,0,"both"
"1106",50,19,-1,"find"
"1107",52,19,1,"fall"
"1108",-30,20,-1,"find"
"1109",29,20,-1,"find"
"1110",43,20,1,"fall"
"1111",52,20,1,"fall"
"1112",-33,21,0,"both"
"1113",-30,21,-1,"find"
"1114",-29,21,-1,"find"
"1115",24,21,-1,"find"
"1116",27,21,-1,"find"
"1117",32,21,1,"fall"
"1118",43,21,1,"fall"
"1119",45,21,1,"fall"
"1120",46,21,1,"fall"
"1121",47,21,1,"fall"
"1122",48,21,1,"fall"
"1123",49,21,-1,"find"
"1124",50,21,-1,"find"
"1125",52,21,1,"fall"
"1126",56,21,1,"fall"
"1127",64,21,1,"fall"
"1128",-30,22,-1,"find"
"1129",-21,22,-1,"find"
"1130",1,22,1,"fall"
"1131",2,22,1,"fall"
"1132",43,22,0,"both"
"1133",47,22,1,"fall"
"1134",48,22,1,"fall"
"1135",50,22,-1,"find"
"1136",54,22,1,"fall"
"1137",56,22,1,"fall"
"1138",58,22,-1,"find"
"1139",60,22,0,"both"
"1140",61,22,1,"fall"
"1141",-33,23,1,"fall"
"1142",-32,23,-1,"find"
"1143",-31,23,-1,"find"
"1144",-30,23,-1,"find"
"1145",-27,23,-1,"find"
"1146",24,23,-1,"find"
"1147",41,23,1,"fall"
"1148",44,23,1,"fall"
"1149",46,23,1,"fall"
"1150",53,23,1,"fall"
"1151",56,23,1,"fall"
"1152",58,23,1,"fall"
"1153",-34,24,-1,"find"
"1154",-29,24,0,"both"
"1155",-22,24,-1,"find"
"1156",11,24,1,"fall"
"1157",42,24,1,"fall"
"1158",46,24,1,"fall"
"1159",48,24,1,"fall"
"1160",55,24,1,"fall"
"1161",-32,25,-1,"find"
"1162",-30,25,-1,"find"
"1163",25,25,-1,"find"
"1164",26,25,-1,"find"
"1165",28,25,-1,"find"
"1166",31,25,-1,"find"
"1167",43,25,1,"fall"
"1168",46,25,1,"fall"
"1169",50,25,1,"fall"
"1170",55,25,1,"fall"
"1171",58,25,1,"fall"
"1172",60,25,0,"both"
"1173",-34,26,-1,"find"
"1174",-33,26,-1,"find"
"1175",-32,26,1,"fall"
"1176",-30,26,1,"fall"
"1177",-27,26,1,"fall"
"1178",-22,26,-1,"find"
"1179",22,26,-1,"find"
"1180",26,26,-1,"find"
"1181",27,26,-1,"find"
"1182",28,26,-1,"find"
"1183",39,26,1,"fall"
"1184",42,26,1,"fall"
"1185",43,26,1,"fall"
"1186",45,26,1,"fall"
"1187",51,26,1,"fall"
"1188",56,26,1,"fall"
"1189",58,26,1,"fall"
"1190",61,26,-1,"find"
"1191",-33,27,1,"fall"
"1192",-30,27,1,"fall"
"1193",-29,27,-1,"find"
"1194",-28,27,1,"fall"
"1195",-24,27,-1,"find"
"1196",-16,27,1,"fall"
"1197",26,27,-1,"find"
"1198",27,27,-1,"find"
"1199",37,27,1,"fall"
"1200",38,27,1,"fall"
"1201",44,27,1,"fall"
"1202",50,27,1,"fall"
"1203",53,27,-1,"find"
"1204",55,27,1,"fall"
"1205",60,27,-1,"find"
"1206",61,27,1,"fall"
"1207",63,27,-1,"find"
"1208",64,27,-1,"find"
"1209",-33,28,1,"fall"
"1210",-31,28,0,"both"
"1211",-27,28,1,"fall"
"1212",-26,28,1,"fall"
"1213",13,28,1,"fall"
"1214",14,28,1,"fall"
"1215",25,28,-1,"find"
"1216",30,28,-1,"find"
"1217",44,28,-1,"find"
"1218",51,28,1,"fall"
"1219",-31,29,-1,"find"
"1220",-8,29,1,"fall"
"1221",-7,29,1,"fall"
"1222",-2,29,1,"fall"
"1223",4,29,1,"fall"
"1224",27,29,-1,"find"
"1225",29,29,-1,"find"
"1226",36,29,1,"fall"
"1227",40,29,1,"fall"
"1228",47,29,1,"fall"
"1229",49,29,-1,"find"
"1230",-29,30,1,"fall"
"1231",-26,30,1,"fall"
"1232",-17,30,-1,"find"
"1233",-2,30,1,"fall"
"1234",2,30,1,"fall"
"1235",29,30,-1,"find"
"1236",31,30,1,"fall"
"1237",36,30,-1,"find"
"1238",46,30,0,"both"
"1239",47,30,1,"fall"
"1240",48,30,1,"fall"
"1241",49,30,1,"fall"
"1242",50,30,1,"fall"
"1243",51,30,1,"fall"
"1244",52,30,-1,"find"
"1245",53,30,1,"fall"
"1246",61,30,1,"fall"
"1247",-29,31,1,"fall"
"1248",-28,31,1,"fall"
"1249",-20,31,1,"fall"
"1250",-18,31,1,"fall"
"1251",1,31,1,"fall"
"1252",9,31,1,"fall"
"1253",13,31,1,"fall"
"1254",24,31,-1,"find"
"1255",29,31,-1,"find"
"1256",39,31,1,"fall"
"1257",49,31,-1,"find"
"1258",50,31,1,"fall"
"1259",51,31,1,"fall"
"1260",58,31,1,"fall"
"1261",-9,32,1,"fall"
"1262",-4,32,1,"fall"
"1263",2,32,1,"fall"
"1264",20,32,1,"fall"
"1265",23,32,-1,"find"
"1266",30,32,1,"fall"
"1267",46,32,0,"both"
"1268",52,32,1,"fall"
"1269",59,32,-1,"find"
"1270",-14,33,1,"fall"
"1271",-12,33,1,"fall"
"1272",-11,33,1,"fall"
"1273",-10,33,-1,"find"
"1274",-9,33,1,"fall"
"1275",-4,33,1,"fall"
"1276",1,33,1,"fall"
"1277",4,33,1,"fall"
"1278",50,33,1,"fall"
"1279",51,33,1,"fall"
"1280",-14,34,-1,"find"
"1281",1,34,1,"fall"
"1282",2,34,-1,"find"
"1283",26,34,-1,"find"
"1284",29,34,-1,"find"
"1285",47,34,1,"fall"
"1286",48,34,-1,"find"
"1287",50,34,1,"fall"
"1288",51,34,1,"fall"
"1289",55,34,1,"fall"
"1290",-16,35,1,"fall"
"1291",-11,35,1,"fall"
"1292",-5,35,1,"fall"
"1293",-4,35,1,"fall"
"1294",9,35,1,"fall"
"1295",15,35,1,"fall"
"1296",27,35,1,"fall"
"1297",29,35,1,"fall"
"1298",33,35,1,"fall"
"1299",38,35,1,"fall"
"1300",47,35,1,"fall"
"1301",48,35,0,"both"
"1302",49,35,-1,"find"
"1303",50,35,1,"fall"
"1304",54,35,0,"both"
"1305",55,35,0,"both"
"1306",0,36,1,"fall"
"1307",16,36,1,"fall"
"1308",39,36,1,"fall"
"1309",46,36,-1,"find"
"1310",50,36,0,"both"
"1311",54,36,-1,"find"
"1312",-2,37,1,"fall"
"1313",36,37,1,"fall"
"1314",47,37,0,"both"
"1315",48,37,1,"fall"
"1316",52,37,1,"fall"
"1317",56,37,1,"fall"
"1318",57,37,1,"fall"
"1319",-11,38,1,"fall"
"1320",9,38,1,"fall"
"1321",48,38,1,"fall"
"1322",-4,39,1,"fall"
"1323",9,39,1,"fall"
"1324",24,39,1,"fall"
"1325",44,39,1,"fall"
"1326",45,39,-1,"find"
"1327",56,39,1,"fall"
"1328",10,40,-1,"find"
"1329",54,40,1,"fall"
"1330",3,41,-1,"find"
"1331",45,41,1,"fall"
"1332",49,41,-1,"find"
"1333",54,41,-1,"find"
"1334",9,42,1,"fall"
"1335",39,42,1,"fall"
"1336",49,42,-1,"find"
"1337",3,43,-1,"find"
"1338",19,43,1,"fall"
"1339",45,43,-1,"find"
"1340",47,43,1,"fall"
"1341",48,43,0,"both"
"1342",52,43,1,"fall"
"1343",1,44,1,"fall"
"1344",20,44,-1,"find"
"1345",35,44,1,"fall"
"1346",40,44,1,"fall"
"1347",45,44,1,"fall"
"1348",48,44,-1,"find"
"1349",53,44,-1,"find"
"1350",13,45,1,"fall"
"1351",20,45,-1,"find"
"1352",41,45,1,"fall"
"1353",43,45,1,"fall"
"1354",48,45,0,"both"
"1355",57,45,1,"fall"
"1356",30,46,-1,"find"
"1357",39,46,1,"fall"
"1358",49,46,-1,"find"
"1359",50,46,-1,"find"
"1360",52,46,1,"fall"
"1361",54,46,1,"fall"
"1362",57,47,-1,"find"
"1363",-15,48,1,"fall"
"1364",5,48,1,"fall"
"1365",15,48,1,"fall"
"1366",22,48,-1,"find"
"1367",23,48,-1,"find"
"1368",38,48,1,"fall"
"1369",54,48,-1,"find"
"1370",55,48,-1,"find"
"1371",21,49,-1,"find"
"1372",23,49,-1,"find"
"1373",57,49,-1,"find"
"1374",20,50,-1,"find"
"1375",21,50,-1,"find"
"1376",25,50,-1,"find"
"1377",26,50,1,"fall"
"1378",54,50,-1,"find"
"1379",19,51,-1,"find"
"1380",20,51,-1,"find"
"1381",22,51,-1,"find"
"1382",33,51,1,"fall"
"1383",35,51,1,"fall"
"1384",51,51,-1,"find"
"1385",52,51,1,"fall"
"1386",18,52,-1,"find"
"1387",20,52,-1,"find"
"1388",54,52,0,"both"
"1389",16,53,-1,"find"
"1390",17,53,-1,"find"
"1391",18,53,-1,"find"
"1392",19,53,-1,"find"
"1393",55,53,0,"both"
"1394",17,54,-1,"find"
"1395",18,54,-1,"find"
"1396",19,54,-1,"find"
"1397",62,54,-1,"find"
"1398",-22,55,-1,"find"
"1399",18,55,-1,"find"
"1400",19,55,-1,"find"
"1401",20,55,-1,"find"
"1402",21,55,-1,"find"
"1403",22,55,-1,"find"
"1404",45,55,-1,"find"
"1405",53,55,1,"fall"
"1406",55,55,-1,"find"
"1407",57,55,1,"fall"
"1408",18,56,-1,"find"
"1409",19,56,-1,"find"
"1410",20,56,-1,"find"
"1411",21,56,-1,"find"
"1412",53,56,-1,"find"
"1413",54,56,1,"fall"
"1414",-20,57,1,"fall"
"1415",19,57,-1,"find"
"1416",20,57,-1,"find"
"1417",21,57,-1,"find"
"1418",30,57,-1,"find"
"1419",51,57,-1,"find"
"1420",60,57,-1,"find"
"1421",21,58,-1,"find"
"1422",22,58,-1,"find"
"1423",38,58,-1,"find"
"1424",39,58,-1,"find"
"1425",39,59,-1,"find"
"1426",41,59,1,"fall"
"1427",42,59,1,"fall"
"1428",52,59,1,"fall"
"1429",54,61,1,"fall"
"1430",55,61,1,"fall"
"1431",39,62,-1,"find"
"1432",41,62,1,"fall"
"1433",45,62,1,"fall"
"1434",51,62,-1,"find"
"1435",54,62,-1,"find"
"1436",57,62,-1,"find"
"1437",39,64,1,"fall"
"1438",55,64,-1,"find"
"1439",31,65,1,"fall"
"1440",57,65,1,"fall"
"1441",30,66,1,"fall"
"1442",55,66,0,"both"
"1443",27,67,1,"fall"
"1444",26,68,1,"fall"
"1445",27,68,1,"fall"
"1446",52,68,-1,"find"
"1447",26,69,1,"fall"
"1448",22,70,1,"fall"
"1449",25,70,1,"fall"
"1450",28,70,1,"fall"
"1451",33,70,1,"fall"
"1452",51,70,-1,"find"
"1453",53,70,-1,"find"
"1454",20,71,1,"fall"
"1455",22,71,1,"fall"
"1456",29,71,1,"fall"
"1457",31,71,1,"fall"
"1458",32,71,1,"fall"
"1459",51,71,-1,"find"
"1460",23,72,1,"fall"
"1461",25,72,1,"fall"
"1462",26,72,1,"fall"
"1463",29,72,1,"fall"
"1464",31,72,1,"fall"
"1465",34,72,1,"fall"
"1466",17,73,1,"fall"
"1467",18,73,-1,"find"
"1468",20,73,1,"fall"
"1469",25,73,1,"fall"
"1470",26,73,1,"fall"
"1471",42,73,1,"fall"
"1472",13,74,1,"fall"
"1473",20,74,1,"fall"
"1474",25,74,1,"fall"
"1475",29,74,-1,"find"
"1476",33,74,1,"fall"
"1477",14,75,1,"fall"
"1478",18,75,1,"fall"
"1479",20,75,-1,"find"
"1480",23,75,1,"fall"
"1481",24,75,1,"fall"
"1482",25,75,1,"fall"
"1483",28,75,1,"fall"
"1484",29,75,1,"fall"
"1485",31,75,1,"fall"
"1486",55,75,1,"fall"
"1487",56,75,1,"fall"
"1488",10,76,1,"fall"
"1489",12,76,1,"fall"
"1490",14,76,1,"fall"
"1491",20,76,1,"fall"
"1492",21,76,1,"fall"
"1493",22,76,1,"fall"
"1494",24,76,1,"fall"
"1495",27,76,1,"fall"
"1496",28,76,1,"fall"
"1497",29,76,1,"fall"
"1498",30,76,1,"fall"
"1499",31,76,1,"fall"
"1500",32,76,1,"fall"
"1501",56,76,-1,"find"
"1502",10,77,-1,"find"
"1503",12,77,1,"fall"
"1504",19,77,1,"fall"
"1505",26,77,1,"fall"
"1506",28,77,1,"fall"
"1507",29,77,1,"fall"
"1508",51,77,-1,"find"
"1509",52,77,0,"both"
"1510",56,77,1,"fall"
"1511",9,78,1,"fall"
"1512",12,78,1,"fall"
"1513",13,78,1,"fall"
"1514",21,78,1,"fall"
"1515",24,78,1,"fall"
"1516",26,78,1,"fall"
"1517",27,78,1,"fall"
"1518",28,78,1,"fall"
"1519",29,78,1,"fall"
"1520",30,78,1,"fall"
"1521",52,78,1,"fall"
"1522",11,79,1,"fall"
"1523",12,79,1,"fall"
"1524",13,79,1,"fall"
"1525",14,79,1,"fall"
"1526",21,79,1,"fall"
"1527",22,79,1,"fall"
"1528",27,79,1,"fall"
"1529",29,79,-1,"find"
"1530",51,79,-1,"find"
"1531",52,79,-1,"find"
"1532",53,79,-1,"find"
"1533",7,80,-1,"find"
"1534",9,80,1,"fall"
"1535",16,80,1,"fall"
"1536",25,80,1,"fall"
"1537",19,81,1,"fall"
"1538",24,81,-1,"find"
"1539",25,81,1,"fall"
"1540",26,81,1,"fall"
"1541",40,81,-1,"find"
"1542",47,81,1,"fall"
"1543",52,81,-1,"find"
"1544",20,82,1,"fall"
"1545",21,82,1,"fall"
"1546",25,82,1,"fall"
"1547",26,82,1,"fall"
"1548",27,82,1,"fall"
"1549",55,82,-1,"find"
"1550",58,82,1,"fall"
"1551",18,83,1,"fall"
"1552",21,83,1,"fall"
"1553",25,83,0,"both"
"1554",26,83,1,"fall"
"1555",47,83,1,"fall"
"1556",57,83,-1,"find"
"1557",24,84,1,"fall"
"1558",25,84,1,"fall"
"1559",26,84,1,"fall"
"1560",27,84,1,"fall"
"1561",51,84,1,"fall"
"1562",52,84,1,"fall"
"1563",54,84,-1,"find"
"1564",26,85,1,"fall"
"1565",20,86,1,"fall"
"1566",22,86,1,"fall"
"1567",23,86,1,"fall"
"1568",25,86,1,"fall"
"1569",42,86,-1,"find"
"1570",23,87,1,"fall"
"1571",24,87,1,"fall"
"1572",25,87,1,"fall"
"1573",44,87,-1,"find"
"1574",53,87,-1,"find"
"1575",25,88,1,"fall"
"1576",47,88,-1,"find"
"1577",53,88,-1,"find"
"1578",24,89,1,"fall"
"1579",42,89,-1,"find"
"1580",55,89,-1,"find"
"1581",22,90,1,"fall"
"1582",23,90,1,"fall"
"1583",24,90,1,"fall"
"1584",26,90,-1,"find"
"1585",30,90,1,"fall"
"1586",23,91,1,"fall"
"1587",54,91,-1,"find"
"1588",26,92,-1,"find"
"1589",43,92,-1,"find"
"1590",26,93,1,"fall"
"1591",41,93,-1,"find"
"1592",42,93,-1,"find"
"1593",21,94,1,"fall"
"1594",51,94,-1,"find"
"1595",17,95,1,"fall"
"1596",27,95,1,"fall"
"1597",44,95,0,"both"
"1598",19,97,1,"fall"
"1599",53,97,-1,"find"
"1600",58,98,-1,"find"
"1601",19,99,-1,"find"
"1602",40,99,-1,"find"
"1603",13,100,1,"fall"
"1604",16,101,1,"fall"
"1605",17,101,1,"fall"
"1606",47,101,-1,"find"
"1607",42,102,1,"fall"
"1608",51,102,1,"fall"
"1609",24,103,1,"fall"
"1610",29,103,-1,"find"
"1611",35,103,1,"fall"
"1612",11,104,1,"fall"
"1613",31,104,1,"fall"
"1614",35,104,-1,"find"
"1615",43,104,-1,"find"
"1616",9,105,1,"fall"
"1617",12,105,1,"fall"
"1618",24,105,1,"fall"
"1619",25,105,1,"fall"
"1620",29,105,-1,"find"
"1621",32,105,0,"both"
"1622",39,105,1,"fall"
"1623",45,105,0,"both"
"1624",-7,106,1,"fall"
"1625",24,106,-1,"find"
"1626",26,106,1,"fall"
"1627",44,106,-1,"find"
"1628",-8,107,1,"fall"
"1629",-7,107,1,"fall"
"1630",25,107,-1,"find"
"1631",29,107,-1,"find"
"1632",51,107,-1,"find"
"1633",-7,108,1,"fall"
"1634",11,108,1,"fall"
"1635",15,108,1,"fall"
"1636",22,108,-1,"find"
"1637",23,108,-1,"find"
"1638",24,108,-1,"find"
"1639",27,108,-1,"find"
"1640",28,109,1,"fall"
"1641",30,109,1,"fall"
"1642",-8,110,-1,"find"
"1643",-7,110,-1,"find"
"1644",29,110,-1,"find"
"1645",-8,111,1,"fall"
"1646",-7,111,1,"fall"
"1647",21,111,1,"fall"
"1648",24,111,-1,"find"
"1649",29,111,0,"both"
"1650",32,111,-1,"find"
"1651",34,111,1,"fall"
"1652",-8,112,1,"fall"
"1653",31,112,-1,"find"
"1654",32,112,1,"fall"
"1655",40,112,-1,"find"
"1656",41,112,1,"fall"
"1657",51,112,1,"fall"
"1658",24,113,-1,"find"
"1659",31,113,1,"fall"
"1660",35,113,1,"fall"
"1661",40,113,-1,"find"
"1662",46,113,-1,"find"
"1663",54,113,-1,"find"
"1664",-26,114,-1,"find"
"1665",24,114,1,"fall"
"1666",32,114,1,"fall"
"1667",36,114,1,"fall"
"1668",42,114,-1,"find"
"1669",50,114,-1,"find"
"1670",57,114,-1,"find"
"1671",-34,115,0,"both"
"1672",-31,115,-1,"find"
"1673",-28,115,0,"both"
"1674",-25,115,-1,"find"
"1675",-9,115,-1,"find"
"1676",-7,115,1,"fall"
"1677",32,115,1,"fall"
"1678",33,115,1,"fall"
"1679",35,115,1,"fall"
"1680",38,115,1,"fall"
"1681",-31,116,-1,"find"
"1682",-30,116,-1,"find"
"1683",-29,116,-1,"find"
"1684",-27,116,-1,"find"
"1685",-26,116,-1,"find"
"1686",-24,116,-1,"find"
"1687",-23,116,-1,"find"
"1688",28,116,1,"fall"
"1689",34,116,1,"fall"
"1690",38,116,1,"fall"
"1691",-34,117,-1,"find"
"1692",-33,117,-1,"find"
"1693",-32,117,-1,"find"
"1694",-31,117,-1,"find"
"1695",-28,117,-1,"find"
"1696",-26,117,-1,"find"
"1697",-25,117,-1,"find"
"1698",28,117,-1,"find"
"1699",34,117,-1,"find"
"1700",44,117,1,"fall"
"1701",59,117,-1,"find"
"1702",-34,118,-1,"find"
"1703",-32,118,-1,"find"
"1704",-31,118,-1,"find"
"1705",-30,118,-1,"find"
"1706",-29,118,-1,"find"
"1707",-27,118,-1,"find"
"1708",-26,118,-1,"find"
"1709",-23,118,-1,"find"
"1710",-21,118,-1,"find"
"1711",26,118,-1,"find"
"1712",31,118,1,"fall"
"1713",32,118,1,"fall"
"1714",34,118,-1,"find"
"1715",35,118,1,"fall"
"1716",37,118,1,"fall"
"1717",43,118,1,"fall"
"1718",45,118,-1,"find"
"1719",-30,119,-1,"find"
"1720",-27,119,-1,"find"
"1721",-26,119,-1,"find"
"1722",-25,119,-1,"find"
"1723",26,119,-1,"find"
"1724",32,119,1,"fall"
"1725",45,119,1,"fall"
"1726",-31,120,-1,"find"
"1727",-30,120,-1,"find"
"1728",-29,120,-1,"find"
"1729",-27,120,0,"both"
"1730",-25,120,-1,"find"
"1731",-23,120,-1,"find"
"1732",-22,120,-1,"find"
"1733",15,120,1,"fall"
"1734",17,120,1,"fall"
"1735",32,120,1,"fall"
"1736",33,120,1,"fall"
"1737",36,120,-1,"find"
"1738",42,120,-1,"find"
"1739",44,120,-1,"find"
"1740",56,120,-1,"find"
"1741",-34,121,-1,"find"
"1742",-33,121,-1,"find"
"1743",-32,121,-1,"find"
"1744",-31,121,-1,"find"
"1745",-30,121,-1,"find"
"1746",-29,121,-1,"find"
"1747",-27,121,-1,"find"
"1748",29,121,1,"fall"
"1749",31,121,-1,"find"
"1750",32,121,1,"fall"
"1751",-32,122,-1,"find"
"1752",-31,122,-1,"find"
"1753",-30,122,-1,"find"
"1754",-29,122,-1,"find"
"1755",-28,122,-1,"find"
"1756",-27,122,-1,"find"
"1757",-26,122,-1,"find"
"1758",11,122,1,"fall"
"1759",13,122,-1,"find"
"1760",39,122,1,"fall"
"1761",45,122,1,"fall"
"1762",-28,123,-1,"find"
"1763",-31,124,-1,"find"
"1764",8,124,1,"fall"
"1765",66,124,1,"fall"
"1766",-33,125,-1,"find"
"1767",-32,125,-1,"find"
"1768",-31,125,-1,"find"
"1769",-23,125,-1,"find"
"1770",43,125,1,"fall"
"1771",45,125,1,"fall"
"1772",55,125,-1,"find"
"1773",-33,126,-1,"find"
"1774",-32,126,-1,"find"
"1775",-31,126,-1,"find"
"1776",-30,126,-1,"find"
"1777",-27,126,-1,"find"
"1778",40,126,-1,"find"
"1779",44,126,1,"fall"
"1780",46,126,1,"fall"
"1781",53,126,-1,"find"
"1782",-32,127,-1,"find"
"1783",-31,127,-1,"find"
"1784",-30,127,-1,"find"
"1785",-20,127,-1,"find"
"1786",33,127,1,"fall"
"1787",34,127,1,"fall"
"1788",35,127,1,"fall"
"1789",42,127,-1,"find"
"1790",51,127,-1,"find"
"1791",-31,128,-1,"find"
"1792",-30,128,-1,"find"
"1793",-27,128,-1,"find"
"1794",32,128,-1,"find"
"1795",43,128,1,"fall"
"1796",-32,129,1,"fall"
"1797",-31,129,-1,"find"
"1798",-30,129,-1,"find"
"1799",-31,130,-1,"find"
"1800",-21,130,-1,"find"
"1801",32,130,1,"fall"
"1802",33,130,0,"both"
"1803",-32,131,-1,"find"
"1804",-31,131,-1,"find"
"1805",-27,131,-1,"find"
"1806",34,131,1,"fall"
"1807",44,131,1,"fall"
"1808",-31,132,-1,"find"
"1809",-15,132,-1,"find"
"1810",34,132,0,"both"
"1811",-26,133,-1,"find"
"1812",-25,133,-1,"find"
"1813",-24,133,-1,"find"
"1814",33,133,1,"fall"
"1815",34,133,1,"fall"
"1816",35,133,1,"fall"
"1817",44,133,1,"fall"
"1818",-33,134,-1,"find"
"1819",-31,134,-1,"find"
"1820",-24,134,-1,"find"
"1821",35,134,1,"fall"
"1822",46,134,1,"fall"
"1823",-34,135,-1,"find"
"1824",-33,135,-1,"find"
"1825",-23,135,-1,"find"
"1826",-16,135,-1,"find"
"1827",-15,135,-1,"find"
"1828",34,135,0,"both"
"1829",35,135,1,"fall"
"1830",-34,136,-1,"find"
"1831",-33,136,-1,"find"
"1832",-30,136,-1,"find"
"1833",-29,136,-1,"find"
"1834",35,136,1,"fall"
"1835",36,136,1,"fall"
"1836",-31,137,-1,"find"
"1837",-28,137,-1,"find"
"1838",-26,137,-1,"find"
"1839",34,137,1,"fall"
"1840",36,137,-1,"find"
"1841",63,137,-1,"find"
"1842",66,137,-1,"find"
"1843",-35,138,-1,"find"
"1844",-34,138,-1,"find"
"1845",-32,138,-1,"find"
"1846",-31,138,-1,"find"
"1847",-30,138,-1,"find"
"1848",-29,138,-1,"find"
"1849",-23,138,-1,"find"
"1850",36,138,0,"both"
"1851",37,138,1,"fall"
"1852",-38,139,-1,"find"
"1853",-36,139,0,"both"
"1854",-35,139,-1,"find"
"1855",-33,139,-1,"find"
"1856",-30,139,-1,"find"
"1857",-25,139,-1,"find"
"1858",-21,139,-1,"find"
"1859",35,139,1,"fall"
"1860",36,139,1,"fall"
"1861",37,139,1,"fall"
"1862",-38,140,-1,"find"
"1863",-36,140,-1,"find"
"1864",-35,140,-1,"find"
"1865",-31,140,-1,"find"
"1866",-30,140,-1,"find"
"1867",-22,140,-1,"find"
"1868",35,140,-1,"find"
"1869",36,140,1,"fall"
"1870",38,140,0,"both"
"1871",39,140,0,"both"
"1872",40,140,1,"fall"
"1873",60,140,-1,"find"
"1874",-36,141,-1,"find"
"1875",-35,141,-1,"find"
"1876",-34,141,-1,"find"
"1877",-33,141,-1,"find"
"1878",-32,141,-1,"find"
"1879",-31,141,-1,"find"
"1880",-30,141,0,"both"
"1881",-29,141,-1,"find"
"1882",-28,141,-1,"find"
"1883",-27,141,-1,"find"
"1884",38,141,1,"fall"
"1885",40,141,-1,"find"
"1886",43,141,1,"fall"
"1887",64,141,-1,"find"
"1888",-37,142,-1,"find"
"1889",-36,142,-1,"find"
"1890",-31,142,-1,"find"
"1891",-30,142,-1,"find"
"1892",-26,142,0,"both"
"1893",-38,143,-1,"find"
"1894",-37,143,-1,"find"
"1895",-36,143,-1,"find"
"1896",-31,143,-1,"find"
"1897",-30,143,-1,"find"
"1898",-26,143,-1,"find"
"1899",-36,144,-1,"find"
"1900",-35,144,-1,"find"
"1901",-34,144,-1,"find"
"1902",-30,144,-1,"find"
"1903",-42,145,-1,"find"
"1904",-41,145,1,"fall"
"1905",-39,145,-1,"find"
"1906",-37,145,1,"fall"
"1907",-36,145,-1,"find"
"1908",-35,145,-1,"find"
"1909",-20,145,-1,"find"
"1910",-7,145,1,"fall"
"1911",-41,146,-1,"find"
"1912",-40,146,-1,"find"
"1913",-39,146,-1,"find"
"1914",-36,146,-1,"find"
"1915",-35,146,-1,"find"
"1916",-34,146,1,"fall"
"1917",-32,146,-1,"find"
"1918",-29,146,-1,"find"
"1919",-35,147,-1,"find"
"1920",-31,147,-1,"find"
"1921",-42,148,-1,"find"
"1922",-38,148,-1,"find"
"1923",-35,148,-1,"find"
"1924",-34,148,-1,"find"
"1925",-30,148,-1,"find"
"1926",-29,148,-1,"find"
"1927",62,148,-1,"find"
"1928",63,148,-1,"find"
"1929",-37,149,-1,"find"
"1930",-35,149,-1,"find"
"1931",-32,149,-1,"find"
"1932",63,149,-1,"find"
"1933",-35,150,1,"fall"
"1934",-30,150,-1,"find"
"1935",-28,150,-1,"find"
"1936",-24,150,1,"fall"
"1937",-33,151,-1,"find"
"1938",-31,151,-1,"find"
"1939",-30,151,1,"fall"
"1940",-24,151,-1,"find"
"1941",-3,151,1,"fall"
"1942",-32,152,1,"fall"
"1943",-31,152,-1,"find"
"1944",62,152,-1,"find"
"1945",64,161,1,"fall"
"1946",-22,165,1,"fall"
"1947",-47,168,-1,"find"
"1948",-45,171,-1,"find"
"1949",-43,171,-1,"find"
"1950",-44,172,-1,"find"
"1951",64,172,-1,"find"
"1952",-40,174,1,"fall"
"1953",62,174,-1,"find"
"1954",-42,175,-1,"find"
"1955",-41,175,-1,"find"
"1956",-39,178,-1,"find"
